Velocity,Time
0.0,0.0
-0.07746621985402691,0.1
0.036760221437496715,0.2
0.025597183134340673,0.30000000000000004
-0.5360669766631229,0.4
0.4215969151489881,0.5
-0.21058636764564467,0.6
-0.8425409949985285,0.7
-0.14440066955553899,0.7999999999999999
0.39433703157997446,0.8999999999999999
0.24410971820251953,0.9999999999999999
0.12816220442347362,1.0999999999999999
-0.038727505690133945,1.2
0.19247901851988425,1.3
0.5565904007413774,1.4000000000000001
0.05584689596388976,1.5000000000000002
0.026632356749164615,1.6000000000000003
0.09668940479177204,1.7000000000000004
0.4597878046567726,1.8000000000000005
0.24108664945154681,1.9000000000000006
-0.07012384466874563,2.0000000000000004
0.16962119887727667,2.1000000000000005
0.42974246538505956,2.2000000000000006
-0.13387883819233443,2.3000000000000007
0.452306275836421,2.400000000000001
0.15364527889326487,2.500000000000001
0.14012779294357336,2.600000000000001
0.5471892744140604,2.700000000000001
0.39812109377420235,2.800000000000001
0.12171783823289198,2.9000000000000012
0.1481489231177933,3.0000000000000013
-0.18261793213102626,3.1000000000000014
0.6110783639759866,3.2000000000000015
-0.3118493538687295,3.3000000000000016
0.3130074757992523,3.4000000000000017
-0.04100737969798532,3.5000000000000018
0.48898175829162094,3.600000000000002
-0.16002206439975195,3.700000000000002
-0.4072866104347851,3.800000000000002
-0.1042381756074692,3.900000000000002
0.3603560234586063,4.000000000000002
0.03644062454492654,4.100000000000001
-0.06832023575147192,4.200000000000001
0.271315332132245,4.300000000000001
0.22858677572079472,4.4
-0.6821269720031233,4.5
-0.4035933778000912,4.6
0.3648399277150781,4.699999999999999
0.4136638296161498,4.799999999999999
-0.2235755704242359,4.899999999999999
-0.10180854456649577,4.999999999999998
0.24395015044979307,5.099999999999998
0.49260583267944225,5.1999999999999975
0.02017831586106643,5.299999999999997
0.06662477302539821,5.399999999999997
-0.006100409656224853,5.4999999999999964
0.15592133664240088,5.599999999999996
0.10298226373846253,5.699999999999996
-0.2085925519666176,5.799999999999995
-0.7000826188021533,5.899999999999995
0.016470217322429204,5.999999999999995
0.45878110912838854,6.099999999999994
0.4151582681333863,6.199999999999994
-0.3015263221543939,6.299999999999994
0.18003516029623723,6.399999999999993
-0.22251497847965931,6.499999999999993
0.40713532609582026,6.5999999999999925
-0.4244630577908227,6.699999999999992
0.20804695771970114,6.799999999999992
-0.10564932714610298,6.8999999999999915
-0.6265366741254359,6.999999999999991
0.27064038521588696,7.099999999999991
-0.07486506212363245,7.19999999999999
0.3298211130559663,7.29999999999999
0.1718934384864536,7.39999999999999
0.43613953853578924,7.499999999999989
0.43027813905747003,7.599999999999989
-0.6508477940800528,7.699999999999989
0.635787598437967,7.799999999999988
-0.10951724119988965,7.899999999999988
0.10356251909264791,7.999999999999988
0.06432328761282405,8.099999999999987
0.15137026493516706,8.199999999999987
-0.03041219844486559,8.299999999999986
-0.2112323935292266,8.399999999999986
-0.09464404764054485,8.499999999999986
-0.3836098193374303,8.599999999999985
0.424978656953625,8.699999999999985
-0.7493749525122834,8.799999999999985
-0.14066575451070637,8.899999999999984
0.18729708753653346,8.999999999999984
0.32916174105632046,9.099999999999984
0.4376070897216049,9.199999999999983
-0.22070121830333686,9.299999999999983
-0.5944163433606127,9.399999999999983
-0.48752479422403816,9.499999999999982
-0.008950188906209411,9.599999999999982
0.8695045302756504,9.699999999999982
0.19875910302332112,9.799999999999981
0.17320301661474294,9.89999999999998
0.5484791299475563,9.99999999999998
0.046098126007037304,10.09999999999998
0.18981139767645372,10.19999999999998
-0.268764483588388,10.29999999999998
-0.027983513571421204,10.399999999999979
0.2835600896828233,10.499999999999979
0.36140340075695354,10.599999999999978
-0.16736692260427496,10.699999999999978
-0.2682224148233825,10.799999999999978
0.5183938074000531,10.899999999999977
-0.07157936248968758,10.999999999999977
-0.07824689322201636,11.099999999999977
-0.12702648078048295,11.199999999999976
-0.19744507552736204,11.299999999999976
0.4525349932767321,11.399999999999975
0.17153223474096363,11.499999999999975
-0.0713532929304043,11.599999999999975
0.19929716451694535,11.699999999999974
-0.14932865141034007,11.799999999999974
0.2642910156616437,11.899999999999974
0.3822977713971686,11.999999999999973
-0.03685745549969763,12.099999999999973
-0.1633406035540865,12.199999999999973
0.3219371915433986,12.299999999999972
0.2933288848992168,12.399999999999972
0.43139655257250664,12.499999999999972
0.012753088249776515,12.599999999999971
-0.2694702812477575,12.69999999999997
-0.1250431360308482,12.79999999999997
-0.3704195603942,12.89999999999997
-0.2564159100304667,12.99999999999997
-0.029234735757640767,13.09999999999997
-0.02173405730507376,13.199999999999969
-0.08228164883552955,13.299999999999969
0.04786667014813194,13.399999999999968
-0.07054224122310687,13.499999999999968
0.3158355763513439,13.599999999999968
0.0352051759961091,13.699999999999967
-0.28686847163223705,13.799999999999967
0.06377105338552186,13.899999999999967
0.06785547989894049,13.999999999999966
0.08041690304649558,14.099999999999966
0.44460065831260265,14.199999999999966
0.43194381702697526,14.299999999999965
-0.02369353809754879,14.399999999999965
0.2880332367243158,14.499999999999964
0.7575031972927587,14.599999999999964
-0.32586126598477605,14.699999999999964
0.3208021955904746,14.799999999999963
-0.0877758113141178,14.899999999999963
0.3380052402359404,14.999999999999963
-0.0983788174379166,15.099999999999962
-0.15509695880533195,15.199999999999962
-0.07215867910741228,15.299999999999962
0.12322120383819028,15.399999999999961
-0.2125184861665643,15.499999999999961
-0.20798903752361061,15.59999999999996
0.25786349693275834,15.69999999999996
0.5715561705987893,15.79999999999996
0.48337575858569426,15.89999999999996
-0.008291755328039635,15.99999999999996
-0.37678583712284963,16.09999999999996
0.24228122427501594,16.19999999999996
0.2084309468634859,16.29999999999996
0.04276491968199473,16.399999999999963
-0.09759613687752641,16.499999999999964
-0.47912316322425075,16.599999999999966
0.6861281608576746,16.699999999999967
0.6592180805913123,16.79999999999997
0.39759548132188216,16.89999999999997
-0.02393167873903032,16.99999999999997
-0.046543995546279304,17.099999999999973
-0.216017674027257,17.199999999999974
0.219772963265901,17.299999999999976
-0.30294631396047467,17.399999999999977
0.4379281879587609,17.49999999999998
-0.35132922959141843,17.59999999999998
0.2959430458235759,17.69999999999998
0.3908489595517528,17.799999999999983
0.190050305074201,17.899999999999984
-0.012183678094304456,17.999999999999986
-0.3412723524760255,18.099999999999987
-0.7798915719826747,18.19999999999999
-0.004717753445473261,18.29999999999999
0.1838476947426992,18.39999999999999
0.4104444970609977,18.499999999999993
0.0469569498482285,18.599999999999994
0.2802454991691833,18.699999999999996
-0.06405328066642135,18.799999999999997
0.1411625688430096,18.9
-0.43841610682154,19.0
0.4954290256638856,19.1
-0.10787121910218964,19.200000000000003
-0.42179584812927484,19.300000000000004
0.43556088489492206,19.400000000000006
0.017822781591056144,19.500000000000007
0.056053525048165964,19.60000000000001
0.3422754387297791,19.70000000000001
0.08054437350061794,19.80000000000001
0.2599508031070077,19.900000000000013
0.37592899975642513,20.000000000000014
0.054819517497954495,20.100000000000016
0.17475397870796794,20.200000000000017
-0.03956312731025388,20.30000000000002
0.02671471918731573,20.40000000000002
0.13208524911695366,20.50000000000002
-0.34390104155249956,20.600000000000023
-0.15618767528945113,20.700000000000024
0.263880881646023,20.800000000000026
0.6166407075959329,20.900000000000027
0.23619050320382182,21.00000000000003
-0.13457622371115108,21.10000000000003
-0.31136484952492316,21.20000000000003
-0.13622284895157466,21.300000000000033
0.5902993738937562,21.400000000000034
0.4491632058876742,21.500000000000036
0.3835146300199965,21.600000000000037
0.056239380652384506,21.70000000000004
-0.22452634212237696,21.80000000000004
0.5608422608210819,21.90000000000004
0.5917427488496065,22.000000000000043
-0.2512088147420759,22.100000000000044
-0.3803943426708486,22.200000000000045
0.1654878331407561,22.300000000000047
-0.028619549873891204,22.40000000000005
-0.01732313720255846,22.50000000000005
-0.14558731216311627,22.60000000000005
-0.2682748861970573,22.700000000000053
0.4032199854558475,22.800000000000054
0.009240540958490723,22.900000000000055
-0.7504075656763027,23.000000000000057
0.2712756095689507,23.10000000000006
-0.09827796893220397,23.20000000000006
0.44222330359049944,23.30000000000006
0.6312262626399133,23.400000000000063
-0.05701344391919591,23.500000000000064
0.48628044956722083,23.600000000000065
0.24635910775817257,23.700000000000067
0.232038021744448,23.800000000000068
0.22902206193217425,23.90000000000007
0.018170923827160873,24.00000000000007
-0.3468126970295409,24.100000000000072
-0.1855763216913213,24.200000000000074
-0.3894342272248298,24.300000000000075
-0.48902953836109697,24.400000000000077
-0.09891250850379485,24.500000000000078
0.13946233373195782,24.60000000000008
-0.16806271178246615,24.70000000000008
0.3428524201153753,24.800000000000082
0.22038595235550273,24.900000000000084
-0.00013815454636673108,25.000000000000085
0.09347215280580154,25.100000000000087
0.2208429134037055,25.200000000000088
-0.3220265478640618,25.30000000000009
-0.1987398583345513,25.40000000000009
0.26335718318328794,25.500000000000092
0.34442879812561344,25.600000000000094
-0.16871538045929582,25.700000000000095
-0.06411697841978953,25.800000000000097
-0.468566346225033,25.900000000000098
-0.1841205708363746,26.0000000000001
0.48537394167904724,26.1000000000001
0.7645521576611883,26.200000000000102
0.2945215711783373,26.300000000000104
0.47598746154045934,26.400000000000105
0.4758221942064276,26.500000000000107
0.009757332996460269,26.600000000000108
0.0200732455885841,26.70000000000011
-0.1491166683222732,26.80000000000011
-0.131250324580453,26.900000000000112
0.19032241241001344,27.000000000000114
-0.06201618409067616,27.100000000000115
-0.03562415737686461,27.200000000000117
-0.08747405105041264,27.300000000000118
0.3113916520837148,27.40000000000012
-0.16045116876226043,27.50000000000012
0.13764215529509988,27.600000000000122
0.12959596706653148,27.700000000000124
0.21481016651572982,27.800000000000125
-0.32415169723451,27.900000000000126
0.08617249051457256,28.000000000000128
-0.17919137846922387,28.10000000000013
0.26690662750792216,28.20000000000013
0.13492735657116162,28.300000000000132
0.12123510800986505,28.400000000000134
0.43201212487378327,28.500000000000135
0.21023842292539152,28.600000000000136
-0.024195898413717165,28.700000000000138
-0.335587158989999,28.80000000000014
0.2285725304580337,28.90000000000014
-0.19208127809609996,29.000000000000142
0.5649589490548592,29.100000000000144
0.07833973238968073,29.200000000000145
0.3177661059099425,29.300000000000146
0.0989256922853793,29.400000000000148
0.4447587640663043,29.50000000000015
0.411281879802074,29.60000000000015
0.11433618580802515,29.700000000000152
-0.14624223997742186,29.800000000000153
0.4518811605655415,29.900000000000155
-0.5254189581751654,30.000000000000156
0.1856817531804351,30.100000000000158
0.2955145168924197,30.20000000000016
0.7076559337147399,30.30000000000016
-0.08509163347824433,30.400000000000162
0.09583746351566108,30.500000000000163
0.23066949328072373,30.600000000000165
0.008797475970569707,30.700000000000166
0.17120109630645516,30.800000000000168
-0.008620757447957428,30.90000000000017
0.7010209324776352,31.00000000000017
-0.4001652692483525,31.100000000000172
0.3458525200759487,31.200000000000173
-0.2528394589335363,31.300000000000175
0.1499191590253115,31.400000000000176
0.23474197582992049,31.500000000000178
0.4820510955856817,31.60000000000018
-0.015581476166375521,31.70000000000018
-0.32280206509733056,31.800000000000182
-0.02705244437266277,31.900000000000183
-0.18391222182035052,32.000000000000185
0.10644769314956123,32.100000000000186
0.06586612451787802,32.20000000000019
0.964720900901933,32.30000000000019
0.11032573700743806,32.40000000000019
0.3719942376416313,32.50000000000019
0.34457427597106094,32.60000000000019
0.29469249636226325,32.700000000000195
-0.6289165134179918,32.800000000000196
0.034317464227071756,32.9000000000002
0.9098762067634252,33.0000000000002
0.1109956947911851,33.1000000000002
0.21133514007971932,33.2000000000002
-0.10109789276707482,33.3000000000002
0.2934183263524155,33.400000000000205
0.2789761245934337,33.500000000000206
-0.39973003340067237,33.60000000000021
-0.15536986211372453,33.70000000000021
0.24826405340241944,33.80000000000021
0.2443481510453279,33.90000000000021
0.5138090284528244,34.00000000000021
0.014352544151759336,34.100000000000215
0.1257642547427917,34.200000000000216
-0.20942184870918742,34.30000000000022
0.22823464063343263,34.40000000000022
0.2893021399590726,34.50000000000022
-1.1045894623356527,34.60000000000022
-0.37869492680907346,34.70000000000022
-0.4363623906656351,34.800000000000225
0.284972720240519,34.900000000000226
0.06561408626046153,35.00000000000023
0.25622220813836116,35.10000000000023
0.17284467218448063,35.20000000000023
0.5281321989557594,35.30000000000023
0.11645123671634258,35.40000000000023
0.09692164330366497,35.500000000000234
-0.004487336924276428,35.600000000000236
0.186219092353402,35.70000000000024
-0.6975199510596133,35.80000000000024
-0.17887987160443428,35.90000000000024
0.4544276614286705,36.00000000000024
0.6524172998989202,36.10000000000024
0.16452202360988044,36.200000000000244
-0.0003204226956149969,36.300000000000246
0.5864232198138183,36.40000000000025
-0.19881046587332576,36.50000000000025
-0.0721876272312888,36.60000000000025
0.24534023694264043,36.70000000000025
-0.1919717521867804,36.80000000000025
0.6422838539200436,36.900000000000254
0.6390975811529653,37.000000000000256
0.09045114369549129,37.10000000000026
0.10116272032638247,37.20000000000026
0.304329567572362,37.30000000000026
-0.40321815868663136,37.40000000000026
0.4143416055107749,37.50000000000026
-0.024494661354987943,37.600000000000264
-0.09277281490967898,37.700000000000266
0.5642823440666723,37.80000000000027
1.1384202015902438,37.90000000000027
0.45314062867253047,38.00000000000027
0.3535667780550126,38.10000000000027
0.14779030198233356,38.20000000000027
-0.10455523849048187,38.300000000000274
0.24841077877510284,38.400000000000276
0.036760719973689696,38.50000000000028
0.5982777925776341,38.60000000000028
0.17547833847027167,38.70000000000028
0.5642770589407636,38.80000000000028
0.0890788181458675,38.90000000000028
0.768881166183497,39.000000000000284
0.40574900479612386,39.100000000000286
0.5094656105129953,39.20000000000029
0.568019518803542,39.30000000000029
0.30629217666442554,39.40000000000029
-0.00025742226189362505,39.50000000000029
0.2427025689378121,39.60000000000029
0.535908515518293,39.700000000000294
0.29891294000087065,39.800000000000296
-0.029136572734102306,39.9000000000003
0.06316604305523008,40.0000000000003
0.09072820403484885,40.1000000000003
-0.20214449318062847,40.2000000000003
-0.31313211934381335,40.3000000000003
0.4893557427114015,40.400000000000304
0.26359755152253417,40.500000000000306
-0.05415247997039732,40.60000000000031
0.39437557553437974,40.70000000000031
0.5817890354780377,40.80000000000031
0.3779562662428425,40.90000000000031
-0.32238298780602404,41.00000000000031
0.05447927685102637,41.100000000000314
0.14948520151234712,41.200000000000315
0.08871366856530254,41.30000000000032
-0.0339817482075076,41.40000000000032
0.27939862316277264,41.50000000000032
0.1405860628472057,41.60000000000032
0.05113268273285603,41.70000000000032
-0.6125210019092997,41.800000000000324
0.10111635224610431,41.900000000000325
0.07439096196103973,42.00000000000033
0.1737266188566982,42.10000000000033
0.03431605387161912,42.20000000000033
-0.4544607992699691,42.30000000000033
0.08725051474449408,42.40000000000033
0.5439837154813408,42.500000000000334
-0.0696674113147045,42.600000000000335
0.10743365033018827,42.70000000000034
0.2603018439310162,42.80000000000034
0.4756965376061435,42.90000000000034
0.13798307012963096,43.00000000000034
0.43178417094706956,43.10000000000034
0.2117491764403731,43.200000000000344
0.2808714789892105,43.300000000000345
-0.21741329470749401,43.40000000000035
0.2690449011923219,43.50000000000035
-0.1371829064354622,43.60000000000035
-0.21090749791629523,43.70000000000035
0.11954525688725308,43.80000000000035
0.4307677781617085,43.900000000000354
0.27962736969645763,44.000000000000355
0.11363297997032956,44.10000000000036
-0.08063705378649158,44.20000000000036
0.4802086067895682,44.30000000000036
-0.182176906893909,44.40000000000036
-0.21407060514876522,44.50000000000036
-0.11855551934408359,44.600000000000364
0.4315607604975684,44.700000000000365
0.33953066853979996,44.80000000000037
0.761121309643211,44.90000000000037
-0.19624949692400614,45.00000000000037
0.22877325675171417,45.10000000000037
-0.09972898718785597,45.20000000000037
0.40627700122327204,45.300000000000374
-0.016180091560150767,45.400000000000375
0.33159101824641685,45.50000000000038
-0.15017413098888546,45.60000000000038
0.4194734406084366,45.70000000000038
0.6064022199112576,45.80000000000038
0.08658246228378409,45.90000000000038
-0.08497630083199367,46.000000000000384
0.03013982795767109,46.100000000000385
0.1670859833139483,46.20000000000039
0.30561875811266626,46.30000000000039
0.35844757198502175,46.40000000000039
0.3066196485876801,46.50000000000039
-0.18983001983741357,46.60000000000039
-0.38822590067061236,46.700000000000394
0.2770275496785854,46.800000000000395
0.07842484879838307,46.9000000000004
0.04774490056317253,47.0000000000004
-0.03797159630359251,47.1000000000004
0.1704593550703309,47.2000000000004
-0.002223391205914263,47.3000000000004
0.3310661980240324,47.400000000000404
-0.3252263934441729,47.500000000000405
0.3247716891609166,47.600000000000406
0.03517729115162026,47.70000000000041
-0.2631702792384015,47.80000000000041
-0.28575828671821035,47.90000000000041
0.27529121179239674,48.00000000000041
0.3444901892481088,48.10000000000041
0.33153894239996595,48.200000000000415
-0.05362859288637581,48.300000000000416
0.03158587471433985,48.40000000000042
0.5676138118719316,48.50000000000042
0.22171195511888972,48.60000000000042
-0.4281254519415213,48.70000000000042
0.20501768044018662,48.80000000000042
-0.11718938275695728,48.900000000000425
0.6506463923374347,49.000000000000426
0.004463775212239465,49.10000000000043
0.1248764986896827,49.20000000000043
-0.08021671622216883,49.30000000000043
-0.1491881787762875,49.40000000000043
0.043112237924213696,49.50000000000043
0.2644551756091458,49.600000000000435
0.0836370119436616,49.700000000000436
-0.017535102233509847,49.80000000000044
-0.03723745921157687,49.90000000000044
-0.09739882490029553,50.00000000000044
-0.49289048908397715,50.10000000000044
1.2093276690112733,50.20000000000044
0.4805961098957354,50.300000000000445
-0.17164394584356682,50.400000000000446
-0.06338548532218821,50.50000000000045
0.06725635459377398,50.60000000000045
0.47090046135154584,50.70000000000045
-0.13465548842994662,50.80000000000045
0.0012710082610884604,50.90000000000045
0.35109824562526104,51.000000000000455
-0.0788317739030486,51.100000000000456
-0.324182066033335,51.20000000000046
-0.25457826741567313,51.30000000000046
-0.1354766516117891,51.40000000000046
0.8104341712809373,51.50000000000046
-0.5237741351040046,51.60000000000046
0.11368654487026174,51.700000000000465
0.0933495840364178,51.800000000000466
-0.40186251105368176,51.90000000000047
0.28048802038934295,52.00000000000047
-0.2704873878536169,52.10000000000047
0.18379228127003028,52.20000000000047
0.03865721053874581,52.30000000000047
-0.712145254261467,52.400000000000475
-0.33505951688353963,52.500000000000476
0.03975759298179873,52.60000000000048
-0.37556341037551644,52.70000000000048
0.4965937190307921,52.80000000000048
0.49756149980789355,52.90000000000048
-0.038524158182672824,53.00000000000048
-0.19997305537783341,53.100000000000485
0.2884861383597533,53.200000000000486
-0.3155693778018367,53.30000000000049
-0.07744744720946439,53.40000000000049
-0.182899129346394,53.50000000000049
0.08588054147361185,53.60000000000049
0.10309465203208791,53.70000000000049
-0.15055331854541434,53.800000000000495
-0.4030301095447032,53.900000000000496
0.36482835540877456,54.0000000000005
-0.07788474440211626,54.1000000000005
-0.4953873889503213,54.2000000000005
0.29892005820991496,54.3000000000005
0.025464524797756058,54.4000000000005
0.5208666297815586,54.500000000000504
0.4107550114091467,54.600000000000506
-0.007806554845654096,54.70000000000051
0.0982909822405763,54.80000000000051
0.34685505619056406,54.90000000000051
0.022569651401615598,55.00000000000051
0.48989499132462044,55.10000000000051
-0.34312392034828687,55.200000000000514
-0.031059929984843526,55.300000000000516
0.10105056433964589,55.40000000000052
-0.27578370130823426,55.50000000000052
-0.15800543477167658,55.60000000000052
0.3338685556320472,55.70000000000052
-0.11703263838925834,55.80000000000052
0.1900939860549829,55.900000000000524
0.21224745164924436,56.000000000000526
-0.005197002361507108,56.10000000000053
-0.37445767636122207,56.20000000000053
-0.08497065840105036,56.30000000000053
0.1555890098535611,56.40000000000053
0.35004875205418307,56.50000000000053
0.20471046510941399,56.600000000000534
0.3219120108978031,56.700000000000536
0.19296583921161672,56.80000000000054
0.4351489965750095,56.90000000000054
0.18956660136894982,57.00000000000054
0.2818124857495726,57.10000000000054
-0.5324324679333017,57.20000000000054
0.008225377785210458,57.300000000000544
0.4877006655400369,57.400000000000546
-0.1357485984535933,57.50000000000055
-0.3221815390256574,57.60000000000055
-0.3303338652369585,57.70000000000055
-0.07374666108316394,57.80000000000055
-0.852753326834613,57.90000000000055
0.15069133054777575,58.000000000000554
0.35157973919517405,58.100000000000556
-0.5682863992694217,58.20000000000056
0.20060312802404057,58.30000000000056
0.4903125303371616,58.40000000000056
0.3352953233496594,58.50000000000056
0.31628111952148874,58.60000000000056
-0.29702485089816044,58.700000000000564
0.5363118960093595,58.800000000000566
0.30193981496404665,58.90000000000057
0.32739981772945337,59.00000000000057
0.2016313553134001,59.10000000000057
0.5730686244346379,59.20000000000057
0.004029579641397094,59.30000000000057
0.03265312679227671,59.400000000000574
-0.11970322566648095,59.500000000000576
0.10655732899713607,59.60000000000058
0.2080081125466741,59.70000000000058
-0.11335038123623961,59.80000000000058
-0.15142760725730173,59.90000000000058
0.28283731921896293,60.00000000000058
-0.18814129390014186,60.100000000000584
-0.35283363457395667,60.200000000000585
0.7814485536791116,60.30000000000059
-0.06685115409707731,60.40000000000059
0.6193142418135466,60.50000000000059
0.287091852621017,60.60000000000059
0.31612052241796595,60.70000000000059
-0.1352700356927718,60.800000000000594
0.5743461915257855,60.900000000000595
-0.3643630743653664,61.0000000000006
-0.2703924378104553,61.1000000000006
0.4131364298233461,61.2000000000006
-0.14081871924497072,61.3000000000006
0.3791250778735188,61.4000000000006
-0.1857878387425063,61.500000000000604
0.2886657382780252,61.600000000000605
-0.08789316059597646,61.70000000000061
0.6724271807077485,61.80000000000061
-0.09518923697828557,61.90000000000061
0.009890456594553981,62.00000000000061
0.3285039798402714,62.10000000000061
0.11060489051295906,62.200000000000614
0.2077233531485422,62.300000000000615
0.26824569965609607,62.40000000000062
0.36136777279197896,62.50000000000062
0.4605344963259955,62.60000000000062
0.25078842730159573,62.70000000000062
0.18438972985202623,62.80000000000062
0.23555437352491163,62.900000000000624
-0.4130613788230373,63.000000000000625
-0.0416669626083746,63.10000000000063
0.2178210167639104,63.20000000000063
-0.4900990245261191,63.30000000000063
-0.04673162035128897,63.40000000000063
0.18984890711394017,63.50000000000063
0.023797015039446562,63.600000000000634
-0.3274111706108299,63.700000000000635
0.25261793119974363,63.80000000000064
0.4575296808255621,63.90000000000064
0.4130341263249404,64.00000000000064
0.2664801788978218,64.10000000000063
0.2179762728933829,64.20000000000063
-0.2138744932306572,64.30000000000062
0.4598874800295415,64.40000000000062
-0.325489866478207,64.50000000000061
0.4290744849374679,64.6000000000006
-0.163173010887077,64.7000000000006
-0.24515246175868302,64.8000000000006
0.6159227371749296,64.90000000000059
0.04608149705033478,65.00000000000058
-0.29559401816608444,65.10000000000058
0.17931694797604128,65.20000000000057
-0.14796042826706193,65.30000000000057
0.6410773568871695,65.40000000000056
-0.04607849689898977,65.50000000000055
0.5098558073747216,65.60000000000055
0.6316947697359877,65.70000000000054
0.2906201163484622,65.80000000000054
0.0946565600554469,65.90000000000053
0.49413027100326057,66.00000000000053
0.7279106545713462,66.10000000000052
-0.01672014546691382,66.20000000000051
0.4485309299764484,66.30000000000051
0.028910020159288077,66.4000000000005
-0.16781416138575764,66.5000000000005
0.009358324039454913,66.60000000000049
0.7126276971945036,66.70000000000049
-0.29369811585190053,66.80000000000048
-0.6476419109369902,66.90000000000047
-0.005138970085400096,67.00000000000047
-0.04035568357140759,67.10000000000046
0.23862253316103224,67.20000000000046
0.21671450098312228,67.30000000000045
0.6717278996248658,67.40000000000045
0.19700168202701496,67.50000000000044
0.2573359395056919,67.60000000000043
0.09910190776278797,67.70000000000043
0.565321144393225,67.80000000000042
-0.4154679733928496,67.90000000000042
-0.2898703498105314,68.00000000000041
0.11829824848010609,68.1000000000004
0.2603276355353721,68.2000000000004
0.33824842899526697,68.3000000000004
0.3170777817923338,68.40000000000039
0.42102981971568443,68.50000000000038
-0.17076580105152242,68.60000000000038
0.14525456012661164,68.70000000000037
-0.3249512127884503,68.80000000000037
-0.11203728834991591,68.90000000000036
0.004364333485508465,69.00000000000036
-0.3127600924189812,69.10000000000035
-0.21934371676672895,69.20000000000034
0.7926648035921808,69.30000000000034
0.6202967592400309,69.40000000000033
-0.19693917865296914,69.50000000000033
0.013687177946270751,69.60000000000032
0.12207607941966545,69.70000000000032
0.1921033056725021,69.80000000000031
-0.031313091719330166,69.9000000000003
-0.30242622384842277,70.0000000000003
0.6436408167030782,70.10000000000029
0.2981456891361075,70.20000000000029
-0.10290676423419276,70.30000000000028
0.6238930013179695,70.40000000000028
0.21897217406364006,70.50000000000027
0.7310151103626694,70.60000000000026
0.06482021252057096,70.70000000000026
0.20004902238799738,70.80000000000025
0.38161756186790574,70.90000000000025
-0.07597627490350595,71.00000000000024
0.18261229732611398,71.10000000000024
0.10009030937778954,71.20000000000023
-0.3385596539395973,71.30000000000022
0.2568816474376747,71.40000000000022
-0.5221989196058379,71.50000000000021
0.3715037504513129,71.60000000000021
0.2693297582188015,71.7000000000002
-0.35308762631397184,71.8000000000002
0.15772066349291053,71.90000000000019
-0.3889407655255379,72.00000000000018
0.3136946201109689,72.10000000000018
0.28886731715497727,72.20000000000017
0.5207079169818658,72.30000000000017
0.3912725818926399,72.40000000000016
-0.035212529571198276,72.50000000000016
-0.09448723415264607,72.60000000000015
-0.20786172614506118,72.70000000000014
-0.23774356493486523,72.80000000000014
-0.38833300064184473,72.90000000000013
-0.0006933245320537157,73.00000000000013
-0.337116066433056,73.10000000000012
0.44693840610882085,73.20000000000012
-0.32190546841827006,73.30000000000011
0.3974779622344853,73.4000000000001
-0.2639073089421383,73.5000000000001
0.22303178568418125,73.6000000000001
0.27894979320859914,73.70000000000009
-0.3128610295336034,73.80000000000008
0.5955891595286952,73.90000000000008
-0.08123900776805479,74.00000000000007
-0.06384016940370485,74.10000000000007
0.12587656896987,74.20000000000006
-0.06944616562968117,74.30000000000005
0.44876512101820487,74.40000000000005
-0.26170479731611695,74.50000000000004
0.6357476475151979,74.60000000000004
0.25175597420942164,74.70000000000003
0.6222445595691224,74.80000000000003
-0.3646997756500109,74.90000000000002
0.5042481311373402,75.00000000000001
0.0871403877350725,75.10000000000001
-0.3100982373785841,75.2
-0.07183063280408314,75.3
0.229935806886852,75.39999999999999
-0.8601673348494768,75.49999999999999
-0.004577047200237022,75.59999999999998
-0.41369253132759976,75.69999999999997
-0.00363628978148281,75.79999999999997
0.5200333393765654,75.89999999999996
0.5238229088625621,75.99999999999996
0.7040724114347103,76.09999999999995
0.5133158640598776,76.19999999999995
0.7034620057518322,76.29999999999994
0.3783081419007166,76.39999999999993
0.3591215854714368,76.49999999999993
0.13369055379202416,76.59999999999992
0.02535977979730282,76.69999999999992
-0.4687387411977182,76.79999999999991
0.02964206658299047,76.8999999999999
0.25156883488189996,76.9999999999999
0.4150237914950664,77.0999999999999
0.12158310615951919,77.19999999999989
0.383948467309306,77.29999999999988
-0.2886076675468877,77.39999999999988
0.07475930002973992,77.49999999999987
-0.03137708747266557,77.59999999999987
0.5730599667841294,77.69999999999986
0.321902156522122,77.79999999999986
0.06623454678693304,77.89999999999985
0.613671823018831,77.99999999999984
-0.22342507647286045,78.09999999999984
0.2378472336480611,78.19999999999983
0.07852228241284145,78.29999999999983
-0.21552648639209995,78.39999999999982
-0.40107447039971544,78.49999999999982
-0.09420620005213448,78.59999999999981
0.17209388332553943,78.6999999999998
-0.15743388606844408,78.7999999999998
-0.21686394494376396,78.89999999999979
0.1758782959434848,78.99999999999979
0.15832737670520408,79.09999999999978
0.3888758310770707,79.19999999999978
-0.1791557624852901,79.29999999999977
0.09040507319010516,79.39999999999976
-0.13838070600543986,79.49999999999976
0.1653182656637347,79.59999999999975
0.03248898809140491,79.69999999999975
-0.4098194809336442,79.79999999999974
0.35564579027262744,79.89999999999974
-0.35031485785827976,79.99999999999973
0.21994991891508828,80.09999999999972
0.3441989819653984,80.19999999999972
0.21969623633897306,80.29999999999971
-0.06810393592898803,80.39999999999971
0.302306734390977,80.4999999999997
-0.15193287683823506,80.5999999999997
0.19925256679920872,80.69999999999969
-0.38744351946843214,80.79999999999968
0.3083833562381333,80.89999999999968
-0.06602866983407199,80.99999999999967
0.5580174517271583,81.09999999999967
-0.4083896679546417,81.19999999999966
0.1481654562794707,81.29999999999966
0.2941118902621737,81.39999999999965
-0.20266058474386786,81.49999999999964
0.09635781824766729,81.59999999999964
0.17508637072146374,81.69999999999963
0.005999937810762884,81.79999999999963
-0.07734317941743668,81.89999999999962
-0.05623306794669233,81.99999999999962
0.5797414206203821,82.09999999999961
-0.49513275348055863,82.1999999999996
0.0656577970397991,82.2999999999996
0.5405816609731777,82.3999999999996
0.7698084782643165,82.49999999999959
0.38833345063146596,82.59999999999958
0.23093901801382422,82.69999999999958
-0.06321421701491758,82.79999999999957
0.09459913820278242,82.89999999999957
-0.829252198685426,82.99999999999956
-0.049443533903269665,83.09999999999955
0.23482001224527266,83.19999999999955
0.2121866702782737,83.29999999999954
0.8889728833486101,83.39999999999954
-0.3091455562421398,83.49999999999953
-0.11227310295750526,83.59999999999953
-0.12772613072138647,83.69999999999952
-0.51741267505253,83.79999999999951
-0.276314885285188,83.89999999999951
-0.45154691357955945,83.9999999999995
0.03377878249354739,84.0999999999995
-0.36071241714441127,84.19999999999949
0.6009844309366725,84.29999999999949
0.48807203802425425,84.39999999999948
-0.08878104295691988,84.49999999999947
0.17769962839453363,84.59999999999947
-0.03342846762849935,84.69999999999946
0.31707462242709106,84.79999999999946
-0.6800893104722491,84.89999999999945
-0.48407011486916485,84.99999999999945
-0.4479921498813636,85.09999999999944
0.5429172733788823,85.19999999999943
0.4147471086345156,85.29999999999943
0.48514008696787847,85.39999999999942
-0.09525998098453656,85.49999999999942
0.1726250711571874,85.59999999999941
0.2536600423518236,85.6999999999994
0.16345548211221225,85.7999999999994
0.3200446834006706,85.8999999999994
0.5295302297951286,85.99999999999939
-0.06253347537154252,86.09999999999938
0.2966738157255495,86.19999999999938
0.279617138346088,86.29999999999937
0.9435089436296548,86.39999999999937
0.5453249887696652,86.49999999999936
-0.0008971317411726465,86.59999999999935
0.3959667890357149,86.69999999999935
0.29699109970891113,86.79999999999934
0.10796045897061678,86.89999999999934
0.04728491370972117,86.99999999999933
-0.27154908240436126,87.09999999999933
-0.19884602197348497,87.19999999999932
0.057149089630088475,87.29999999999932
0.32436715412991635,87.39999999999931
-0.02964272061961179,87.4999999999993
-0.23674862272679245,87.5999999999993
-0.4728168047518658,87.69999999999929
-0.21293287203067043,87.79999999999929
-0.03955546404473295,87.89999999999928
-0.2363401807492818,87.99999999999928
0.23061033234263917,88.09999999999927
0.37672662860780637,88.19999999999926
0.3178022550122461,88.29999999999926
0.46840533034125287,88.39999999999925
0.37386590676298825,88.49999999999925
-0.30325502974557317,88.59999999999924
-0.5214950341300062,88.69999999999924
0.3183418179993836,88.79999999999923
0.054596655493040554,88.89999999999922
0.015627229016306546,88.99999999999922
0.4542550144591395,89.09999999999921
-0.5048785228615248,89.1999999999992
0.009134661778980271,89.2999999999992
0.03565983481147626,89.3999999999992
-0.46730499063799846,89.49999999999919
-0.29993518657807927,89.59999999999918
0.05405221330640066,89.69999999999918
0.5380466724213105,89.79999999999917
0.3005440490632083,89.89999999999917
0.08951141472294612,89.99999999999916
0.4823114977436066,90.09999999999916
-0.010830558381149269,90.19999999999915
0.09008733605987782,90.29999999999914
-0.4901304115794588,90.39999999999914
-0.08182091815347128,90.49999999999913
-0.3795712061663724,90.59999999999913
0.029592264147498465,90.69999999999912
0.21906180784239948,90.79999999999912
0.32459118662185515,90.89999999999911
0.04896845383967336,90.9999999999991
-0.01321245844998907,91.0999999999991
0.2328914171798591,91.1999999999991
-0.10836425328169069,91.29999999999909
0.22346185615594238,91.39999999999908
-0.19067466621611093,91.49999999999908
0.1508566425658185,91.59999999999907
0.6524968526411551,91.69999999999906
0.15876524929676705,91.79999999999906
0.08908857701983251,91.89999999999905
0.29988366292766533,91.99999999999905
0.19926231701879504,92.09999999999904
-0.024642909998351586,92.19999999999904
0.4223852063571024,92.29999999999903
-0.05453671574769389,92.39999999999903
-0.09776018318038365,92.49999999999902
0.052266074307960146,92.59999999999901
-0.2736286535390685,92.69999999999901
0.39305975288531736,92.799999999999
0.050489882457177886,92.899999999999
-0.13794398689706264,92.99999999999899
-0.003573777676517634,93.09999999999899
0.42146120582944757,93.19999999999898
0.5934383436247218,93.29999999999897
-0.7103393315478832,93.39999999999897
-0.15577742159291122,93.49999999999896
0.14930479202018093,93.59999999999896
-0.008676504163085366,93.69999999999895
0.10004782552933451,93.79999999999895
-0.3215490288639562,93.89999999999894
0.2921626455424504,93.99999999999893
0.3294785790154787,94.09999999999893
1.1791169547648475,94.19999999999892
-0.3120810175585099,94.29999999999892
0.48745017158356585,94.39999999999891
0.19473587507806658,94.4999999999989
-0.17300562617127305,94.5999999999989
-0.03532767354254135,94.6999999999989
-0.44571012039252544,94.79999999999889
0.19879177333126202,94.89999999999888
0.34776477787612825,94.99999999999888
0.728901141232024,95.09999999999887
0.5321946243772672,95.19999999999887
0.21269591560579737,95.29999999999886
-0.15247608764117768,95.39999999999885
-0.33828993140047015,95.49999999999885
0.6848062679110083,95.59999999999884
0.4519637438896321,95.69999999999884
0.39903213845483376,95.79999999999883
0.5259366820863717,95.89999999999883
0.4823276142189068,95.99999999999882
-0.3293007602725335,96.09999999999881
-0.32295872359098965,96.19999999999881
0.22864729089874017,96.2999999999988
0.2934881152751495,96.3999999999988
0.03019486666774049,96.49999999999879
-0.2027127485257809,96.59999999999879
0.17034154649751473,96.69999999999878
0.4091681890679755,96.79999999999878
-0.04678824790513886,96.89999999999877
0.3193146659295091,96.99999999999876
0.5186810621142179,97.09999999999876
0.8508463305783867,97.19999999999875
0.02621357895079919,97.29999999999875
-0.018896585943302707,97.39999999999874
-0.0014862490230952707,97.49999999999874
0.12611466416176587,97.59999999999873
0.5688255974487507,97.69999999999872
0.11781958721765629,97.79999999999872
-0.24837791143321578,97.89999999999871
0.4874331257482154,97.9999999999987
0.0317818924449015,98.0999999999987
-0.17232373867447934,98.1999999999987
0.285785427660573,98.29999999999869
-0.49873223823489854,98.39999999999868
0.2502525359855289,98.49999999999868
0.4237480334149649,98.59999999999867
0.21365989190310702,98.69999999999867
0.23788929042042595,98.79999999999866
0.7460992358664164,98.89999999999866
0.17504790552019786,98.99999999999865
-0.4317349149191899,99.09999999999864
0.04837593101828291,99.19999999999864
0.24774788405577336,99.29999999999863
0.3190886018191864,99.39999999999863
0.059985226068187306,99.49999999999862
0.22066066611278903,99.59999999999862
0.026211563610187352,99.69999999999861
-0.02932387907159517,99.7999999999986
-0.17586071351248048,99.8999999999986
-0.1522368212034347,99.9999999999986
-0.3562769031527745,100.09999999999859
0.40447888670029253,100.19999999999858
0.5874111051319909,100.29999999999858
0.061947166998322534,100.39999999999857
0.5531691318475968,100.49999999999856
0.3156526037710381,100.59999999999856
0.7149509480359182,100.69999999999855
-0.11551415519621111,100.79999999999855
0.046503927245507615,100.89999999999854
0.005474707600590281,100.99999999999854
-0.0731291656625633,101.09999999999853
0.11560079564649847,101.19999999999852
0.0896969529312578,101.29999999999852
0.011697930176260043,101.39999999999851
0.3099337379592718,101.49999999999851
0.11124368349027372,101.5999999999985
0.6207420392133263,101.6999999999985
-0.027828886280253706,101.79999999999849
0.1657039047990595,101.89999999999849
-0.16916083262266698,101.99999999999848
0.0026949526496586745,102.09999999999847
-0.2991448472412116,102.19999999999847
0.016105854357073693,102.29999999999846
0.028644853504434714,102.39999999999846
-0.09804774537304711,102.49999999999845
0.8886197112549487,102.59999999999845
0.16066831202276138,102.69999999999844
0.3214699431293433,102.79999999999843
-0.03996846918141267,102.89999999999843
0.38875770672412824,102.99999999999842
-0.0513628983842534,103.09999999999842
0.32217766983037244,103.19999999999841
0.30954636534542745,103.2999999999984
-0.3230501102048955,103.3999999999984
-0.1911736752669211,103.4999999999984
0.1140479096100815,103.59999999999839
0.5811163112897108,103.69999999999838
-0.3344939973415797,103.79999999999838
-0.2979703122872558,103.89999999999837
0.3048238871199239,103.99999999999837
0.8230870540788959,104.09999999999836
-0.5370083937060047,104.19999999999835
0.5486903656721851,104.29999999999835
0.21315030235706622,104.39999999999834
-0.345073111965865,104.49999999999834
0.3622819148235351,104.59999999999833
0.2659742252993193,104.69999999999833
0.4614943794648161,104.79999999999832
-0.11147638528020573,104.89999999999831
0.0685970518715591,104.99999999999831
0.2614931154647584,105.0999999999983
0.10118332739631859,105.1999999999983
0.32295730088277497,105.29999999999829
0.18786305161707245,105.39999999999829
-0.27806483314189967,105.49999999999828
0.1593869890917551,105.59999999999827
0.3724009652077678,105.69999999999827
0.14284327432224833,105.79999999999826
0.49457334693902133,105.89999999999826
-0.33967207929947474,105.99999999999825
-0.39659784134783105,106.09999999999825
0.2747209606779803,106.19999999999824
0.06286442979449558,106.29999999999824
0.2976549312153567,106.39999999999823
0.0012263327869454915,106.49999999999822
-0.28308826363854167,106.59999999999822
-0.03288282853763455,106.69999999999821
0.27092813371509084,106.7999999999982
0.024820394096054813,106.8999999999982
0.7628857203990396,106.9999999999982
0.20675252525480065,107.09999999999819
0.5745655945558162,107.19999999999818
0.5565038053781983,107.29999999999818
0.044962158817249714,107.39999999999817
0.11059267441646292,107.49999999999817
0.050519584490308626,107.59999999999816
0.012584875178910354,107.69999999999816
-0.08094008375742115,107.79999999999815
-0.10451633907594288,107.89999999999814
-0.023387913785851547,107.99999999999814
0.6430984458412964,108.09999999999813
-0.36289623390408754,108.19999999999813
0.2342529302578426,108.29999999999812
-0.37889843063847695,108.39999999999812
0.22935037381583986,108.49999999999811
-0.19758833728900735,108.5999999999981
0.24702959138134015,108.6999999999981
0.3241359423707545,108.7999999999981
0.2699494437158244,108.89999999999809
0.35751037196530455,108.99999999999808
0.3706207404229116,109.09999999999808
-0.08235767713577141,109.19999999999807
-0.4954784027476228,109.29999999999806
0.6811162957563311,109.39999999999806
0.11788197678685775,109.49999999999805
-0.12456763923028394,109.59999999999805
0.9050840793435754,109.69999999999804
0.3192737337154611,109.79999999999804
0.0777748268233113,109.89999999999803
0.44387606003968594,109.99999999999802
-0.049298004262620015,110.09999999999802
1.1004530996386779,110.19999999999801
0.2652926141923927,110.29999999999801
-0.29036386334140163,110.399999999998
0.540833050120668,110.499999999998
-0.037052267504464664,110.59999999999799
0.18928508016145568,110.69999999999798
0.21101910387380565,110.79999999999798
0.022990379447947684,110.89999999999797
0.3685205630199019,110.99999999999797
-0.38508371920860973,111.09999999999796
-0.5396006437829894,111.19999999999796
-0.07329816569466427,111.29999999999795
0.08347203283022712,111.39999999999795
-0.1330949817788747,111.49999999999794
0.03256934435321818,111.59999999999793
-0.008608688784546431,111.69999999999793
-0.1790821662100113,111.79999999999792
-0.08094619626722321,111.89999999999792
0.057753851310842055,111.99999999999791
0.3630936164199434,112.0999999999979
-0.20047170675192869,112.1999999999979
0.38107479976404357,112.2999999999979
0.19427438759628463,112.39999999999789
0.2327358387391551,112.49999999999788
0.12736484398877795,112.59999999999788
-0.07426450536232185,112.69999999999787
-0.1609150733086974,112.79999999999787
0.4876694699665135,112.89999999999786
0.24024386278141982,112.99999999999785
0.1713023359724698,113.09999999999785
0.48427327697042233,113.19999999999784
0.04603815626903781,113.29999999999784
0.35036933060328745,113.39999999999783
0.3604232787803282,113.49999999999783
0.3611082670360536,113.59999999999782
0.15575930575909636,113.69999999999781
0.005438685445746341,113.79999999999781
-0.41237010310827105,113.8999999999978
0.285365004690679,113.9999999999978
0.46092673848309096,114.09999999999779
0.29317965850799205,114.19999999999779
-0.309622579032068,114.29999999999778
0.3021755973628468,114.39999999999777
0.687640338878691,114.49999999999777
0.5514631734993374,114.59999999999776
0.18081821162159709,114.69999999999776
0.11716426622589454,114.79999999999775
0.12364573725780759,114.89999999999775
0.5431405112068637,114.99999999999774
0.011854949620099503,115.09999999999773
0.2213975879377663,115.19999999999773
0.25241792444308364,115.29999999999772
-0.2638878256159056,115.39999999999772
0.07540252483259127,115.49999999999771
-0.24210181982679815,115.5999999999977
0.04563550160522639,115.6999999999977
0.27151639628232616,115.7999999999977
0.04215958407280525,115.89999999999769
0.06843640417552538,115.99999999999768
-0.3296483223576646,116.09999999999768
0.07108500319135111,116.19999999999767
0.3182173156704168,116.29999999999767
0.2725889922924437,116.39999999999766
0.6985034596916049,116.49999999999766
-0.23109954686567205,116.59999999999765
0.2383343551288234,116.69999999999764
0.27948116247747207,116.79999999999764
-0.07451293443473536,116.89999999999763
0.30020343454692666,116.99999999999763
-0.30479377019306364,117.09999999999762
0.41301470244326666,117.19999999999762
0.4483464852974558,117.29999999999761
-0.18428180399711905,117.3999999999976
-0.1158859873132139,117.4999999999976
0.342849616173149,117.59999999999759
-0.3614303474441315,117.69999999999759
-0.11881912127673575,117.79999999999758
0.4271861945729146,117.89999999999758
-0.11517316478453443,117.99999999999757
-0.19614129097285435,118.09999999999756
-0.17251337095135869,118.19999999999756
-0.21847564602083389,118.29999999999755
0.32474509516571193,118.39999999999755
-0.18854896981084726,118.49999999999754
0.1584475859191807,118.59999999999754
-0.2560909103833434,118.69999999999753
0.21300207773463753,118.79999999999752
0.4293809050578743,118.89999999999752
0.2570971342997481,118.99999999999751
0.01821306782881671,119.09999999999751
-0.15132889735045094,119.1999999999975
0.08908061252496748,119.2999999999975
0.13727651944714817,119.39999999999749
0.73893079907754,119.49999999999748
0.6045805760712064,119.59999999999748
-0.025631100271526902,119.69999999999747
-0.12609950228886455,119.79999999999747
0.08104951023911805,119.89999999999746
-0.2575227727087328,119.99999999999746
0.2749580855291256,120.09999999999745
-0.5493692239916328,120.19999999999744
0.46121137836208725,120.29999999999744
-0.0017857350835179947,120.39999999999743
0.07326771687777815,120.49999999999743
0.7810797235043107,120.59999999999742
0.3228202119592548,120.69999999999742
0.2645193196242578,120.79999999999741
-0.23269896931637427,120.8999999999974
0.5354344564197001,120.9999999999974
0.4255237291629935,121.0999999999974
-0.12868637293761437,121.19999999999739
0.6939153546127281,121.29999999999738
-0.12767630237998456,121.39999999999738
-0.005362519818213882,121.49999999999737
-0.09385339625912201,121.59999999999737
0.4583444357611737,121.69999999999736
0.5569830058222888,121.79999999999735
-0.3877407307627867,121.89999999999735
0.36515518466878927,121.99999999999734
0.33680750310802454,122.09999999999734
-0.26211831822737575,122.19999999999733
0.2509849932511183,122.29999999999733
0.27794585375933256,122.39999999999732
0.20926096006738784,122.49999999999731
0.12497715495289781,122.59999999999731
0.27387946364550836,122.6999999999973
0.4889823412808836,122.7999999999973
-0.4287507560091042,122.89999999999729
-0.11701406823427843,122.99999999999729
-0.26036562453762724,123.09999999999728
-0.12832642453153603,123.19999999999727
0.09587503866492551,123.29999999999727
-0.4000386692927057,123.39999999999726
0.4037201150666002,123.49999999999726
-0.019924476024165957,123.59999999999725
0.024505692362045486,123.69999999999725
0.2927052750343426,123.79999999999724
0.12494680713711317,123.89999999999723
0.22742534540674045,123.99999999999723
-0.04774831490257134,124.09999999999722
-0.2014510046930799,124.19999999999722
0.34834961692840644,124.29999999999721
0.2823328440363848,124.3999999999972
0.1536494252519195,124.4999999999972
0.29512384223064325,124.5999999999972
-0.41120796148672223,124.69999999999719
-0.11797749489298257,124.79999999999718
0.12255041244132026,124.89999999999718
-0.37373242362831616,124.99999999999717
0.30139645992015207,125.09999999999717
0.038864371226186835,125.19999999999716
0.625566015516487,125.29999999999715
0.0762199080796099,125.39999999999715
0.05758135083356259,125.49999999999714
0.35983403669320446,125.59999999999714
0.14326176993236772,125.69999999999713
0.5231874557465428,125.79999999999713
0.1329673479184882,125.89999999999712
0.02968841445268007,125.99999999999712
0.36423866306829944,126.09999999999711
0.2723402030283071,126.1999999999971
0.48551201217625095,126.2999999999971
0.9667248381741671,126.39999999999709
0.014246762088849993,126.49999999999709
0.4180511224120024,126.59999999999708
0.17357178108064808,126.69999999999708
-0.29195136099338437,126.79999999999707
0.31241494380039414,126.89999999999706
0.6878466254761288,126.99999999999706
0.25098230288446066,127.09999999999705
-0.22885830339003718,127.19999999999705
0.21248032600051783,127.29999999999704
-0.2612716775302417,127.39999999999704
0.3936131169227657,127.49999999999703
0.6718375498646824,127.59999999999702
0.46619202270736027,127.69999999999702
-0.2023067159813073,127.79999999999701
-0.2071747664851256,127.89999999999701
0.23378112184118055,127.999999999997
0.12810043527304207,128.099999999997
0.47496183202062503,128.199999999997
-0.006836502796659857,128.299999999997
0.6794880329309021,128.399999999997
0.6182626598081533,128.499999999997
0.3041473068296576,128.59999999999698
-0.016513770753174367,128.69999999999698
0.27173244429157234,128.79999999999697
-0.15706450331055646,128.89999999999696
0.10622705716777056,128.99999999999696
0.15835593194114184,129.09999999999695
0.09755950270063607,129.19999999999695
-0.1366816581192183,129.29999999999694
0.13341110538645976,129.39999999999694
0.2126843052312231,129.49999999999693
-0.4570355558713388,129.59999999999692
0.06675229559345541,129.69999999999692
-0.0034430399972719267,129.7999999999969
0.13898610150234464,129.8999999999969
0.010468635176512739,129.9999999999969
0.162692071200101,130.0999999999969
-0.07188657768110787,130.1999999999969
0.19583659900944103,130.29999999999688
-0.00043612658853554864,130.39999999999688
0.6157555445743443,130.49999999999687
0.027799189463390675,130.59999999999687
-0.0472470420222624,130.69999999999686
0.1236225355948726,130.79999999999686
-0.08256565736479818,130.89999999999685
-0.06517168156069983,130.99999999999685
0.2849066479361356,131.09999999999684
-0.07561270391251568,131.19999999999683
0.48939361004490023,131.29999999999683
0.44834977477009297,131.39999999999682
0.4356920710107536,131.49999999999682
0.18860162792484186,131.5999999999968
0.26026426560310195,131.6999999999968
-0.21922935600815183,131.7999999999968
0.1297241160228545,131.8999999999968
0.5262423933250537,131.9999999999968
-0.028323046550826736,132.09999999999678
0.29493606679843404,132.19999999999678
0.49893417066830037,132.29999999999677
0.6882029203107762,132.39999999999677
0.14794570548219235,132.49999999999676
-0.16922736720550155,132.59999999999675
-0.06090357067295446,132.69999999999675
-0.004496420013558308,132.79999999999674
0.090662831457065,132.89999999999674
-0.13463530356898862,132.99999999999673
0.28115127373786164,133.09999999999673
0.193121379326955,133.19999999999672
0.7078171196854195,133.29999999999671
0.05935303065494745,133.3999999999967
-0.2523356837251859,133.4999999999967
-0.20467318535078252,133.5999999999967
0.07649190207919394,133.6999999999967
0.5047052255935827,133.7999999999967
0.2051249709549133,133.89999999999668
-0.25207411559661974,133.99999999999667
-0.2083186914869816,134.09999999999667
-0.04999939459765823,134.19999999999666
0.13365263261682966,134.29999999999666
0.40565840077431947,134.39999999999665
-0.08651404988902484,134.49999999999665
-0.027140872275719236,134.59999999999664
-0.0844936138629239,134.69999999999663
-0.09016804288667027,134.79999999999663
-0.5067141668776538,134.89999999999662
0.08845389358402783,134.99999999999662
0.4642588155270152,135.0999999999966
-0.1475468028965064,135.1999999999966
-0.038140526722849566,135.2999999999966
0.8050429823862205,135.3999999999966
0.2240410678735723,135.4999999999966
0.2196391101507344,135.59999999999658
-0.0933493571988441,135.69999999999658
0.5501321366617375,135.79999999999657
0.2179521014591348,135.89999999999657
-0.4476727860035492,135.99999999999656
-0.35981376440810675,136.09999999999656
-0.07279295272255001,136.19999999999655
-0.0753068788867392,136.29999999999654
0.0436068244491577,136.39999999999654
0.17566853190335835,136.49999999999653
0.22101542639230218,136.59999999999653
-0.20706960014122275,136.69999999999652
0.7528946527485195,136.79999999999652
0.35666541254113193,136.8999999999965
0.02395194412965987,136.9999999999965
0.41404478248180265,137.0999999999965
0.049475748683350015,137.1999999999965
0.11421935850012532,137.2999999999965
-0.13251679963951768,137.39999999999648
0.33712852041194696,137.49999999999648
-0.3221477143427697,137.59999999999647
-0.2811324869826707,137.69999999999646
-0.7253465509077635,137.79999999999646
-0.038142545798089844,137.89999999999645
0.5061950601210432,137.99999999999645
0.12683720082618902,138.09999999999644
-0.2377135378551867,138.19999999999644
0.0845844095223864,138.29999999999643
0.30226834119607604,138.39999999999642
0.24224336201919414,138.49999999999642
0.32999279494012657,138.5999999999964
-0.6316195472279184,138.6999999999964
-0.15123547407804858,138.7999999999964
0.1687352459165724,138.8999999999964
-0.1371275668480169,138.9999999999964
0.2562388781484221,139.09999999999638
-0.3407697543791014,139.19999999999638
0.33034449596423543,139.29999999999637
-0.5905845284125331,139.39999999999637
0.062380912717524786,139.49999999999636
0.07698092341192901,139.59999999999636
0.6986108825477579,139.69999999999635
0.018166935925924485,139.79999999999634
-0.2616211420635004,139.89999999999634
0.09601196372315403,139.99999999999633
0.056391711824886157,140.09999999999633
0.1518060222927473,140.19999999999632
0.10983496940715497,140.29999999999632
0.602555330888867,140.3999999999963
-0.018414398461872566,140.4999999999963
-0.476554911254784,140.5999999999963
0.1579932111548447,140.6999999999963
0.09562664701373604,140.7999999999963
0.06577775217818674,140.89999999999628
0.47145253415304544,140.99999999999628
-0.2918114395263174,141.09999999999627
0.3863927586159266,141.19999999999627
0.36772724584800753,141.29999999999626
0.620423536182578,141.39999999999625
-0.31027667875274867,141.49999999999625
-0.28006543435256814,141.59999999999624
0.033566820270189854,141.69999999999624
0.31935112671525256,141.79999999999623
-0.06674111975873456,141.89999999999623
0.8091383496696828,141.99999999999622
-0.019623793413663868,142.09999999999621
-0.3161484251601877,142.1999999999962
-0.574121096245803,142.2999999999962
0.048068436169491156,142.3999999999962
0.36456166919565625,142.4999999999962
0.5722665524434878,142.5999999999962
0.28755742060531364,142.69999999999618
0.27273572131890367,142.79999999999617
0.24822680465516925,142.89999999999617
-0.16820145015401336,142.99999999999616
0.3741151740504407,143.09999999999616
-0.011295947788658348,143.19999999999615
-0.13741684757588524,143.29999999999615
0.00853879420996223,143.39999999999614
-0.560083081658985,143.49999999999613
-0.07233831878842453,143.59999999999613
0.2979252604974104,143.69999999999612
-0.03557015224982965,143.79999999999612
-0.1067733626147846,143.8999999999961
0.45736947390466187,143.9999999999961
-0.6440511926982898,144.0999999999961
0.3743275565209464,144.1999999999961
0.12028456062284436,144.2999999999961
0.11650854171310975,144.39999999999608
0.08657840277843518,144.49999999999608
0.6257718366469701,144.59999999999607
-0.13627808030320548,144.69999999999607
0.43267177079657526,144.79999999999606
0.09251146030508345,144.89999999999606
-0.1120160091424813,144.99999999999605
0.09760360099200842,145.09999999999604
-0.3070414543412636,145.19999999999604
0.4303290315710473,145.29999999999603
0.3338225382277391,145.39999999999603
0.4047949935210198,145.49999999999602
0.06412111540246132,145.59999999999602
0.33124188507733116,145.699999999996
0.5440225323234084,145.799999999996
0.09834158032646148,145.899999999996
0.11828581994057952,145.999999999996
-0.04666268441317928,146.099999999996
-0.6116287118076634,146.19999999999598
-0.3494579916624777,146.29999999999598
0.26292097750950844,146.39999999999597
0.4134123104657915,146.49999999999596
-0.002406506791661059,146.59999999999596
0.5416921439093718,146.69999999999595
0.3378289871087313,146.79999999999595
-0.5162360951135014,146.89999999999594
0.017026785681863693,146.99999999999594
0.12051805226578677,147.09999999999593
-0.328357154165247,147.19999999999592
0.1710192124962926,147.29999999999592
0.3808633973731461,147.3999999999959
0.16252237442462608,147.4999999999959
-0.48902950949292234,147.5999999999959
0.7327245359228045,147.6999999999959
0.018763786528949472,147.7999999999959
0.09520377478176206,147.89999999999588
-0.15764064763009925,147.99999999999588
-0.11189979322267368,148.09999999999587
0.0017999106537879006,148.19999999999587
-0.0016786550563967356,148.29999999999586
0.05242177233949219,148.39999999999586
-0.1637425581726257,148.49999999999585
-0.0027836020239714043,148.59999999999584
0.20094453935810616,148.69999999999584
-0.3314626122899499,148.79999999999583
0.04188319411171689,148.89999999999583
-0.2575236190020761,148.99999999999582
0.45985178921117364,149.09999999999582
0.18745134692242518,149.1999999999958
0.4161449036025546,149.2999999999958
0.03635518803373973,149.3999999999958
0.011380161463497837,149.4999999999958
0.39128089168669555,149.5999999999958
0.05178113461582607,149.69999999999578
0.095063943347335,149.79999999999578
0.18909825360552684,149.89999999999577
-0.08006856213102531,149.99999999999577
-0.8921154505836547,150.09999999999576
-0.3640837073511797,150.19999999999575
-0.3779990784110182,150.29999999999575
-0.0712968991820685,150.39999999999574
0.4411855499399877,150.49999999999574
0.5062381158214229,150.59999999999573
0.004770142824613327,150.69999999999573
-0.5266268703106103,150.79999999999572
0.38805918218327184,150.8999999999957
-0.13151543362072468,150.9999999999957
-0.2874373387212511,151.0999999999957
-0.22566065187773873,151.1999999999957
-0.22312609366318023,151.2999999999957
0.43721009377166475,151.39999999999569
0.22115467903082814,151.49999999999568
0.43443008755861434,151.59999999999567
0.20964184517792225,151.69999999999567
0.1527053513227652,151.79999999999566
0.3225341015452121,151.89999999999566
-0.1437422930366467,151.99999999999565
-0.19869779599414047,152.09999999999565
0.3468684149596305,152.19999999999564
0.05576588065431695,152.29999999999563
-0.31033700443649603,152.39999999999563
0.4458803541755152,152.49999999999562
0.5974591886656668,152.59999999999562
0.13544638949872773,152.6999999999956
-0.5054744509777727,152.7999999999956
0.4788486063325246,152.8999999999956
0.4676076701824561,152.9999999999956
0.5171404688167793,153.0999999999956
0.38090241540392533,153.19999999999558
0.16120201917450544,153.29999999999558
-0.032298189579798714,153.39999999999557
0.1957335447800544,153.49999999999557
-0.45243171019623873,153.59999999999556
0.11588013482130012,153.69999999999555
-0.2625600993899345,153.79999999999555
0.3210033154386374,153.89999999999554
0.10177607243625758,153.99999999999554
0.02479995838799494,154.09999999999553
-0.2288000503289808,154.19999999999553
-0.1613806244934203,154.29999999999552
0.2618240340638353,154.39999999999552
0.22033371771484336,154.4999999999955
0.19903045078056436,154.5999999999955
-0.5331659265165035,154.6999999999955
0.06313633693431693,154.7999999999955
0.16933432581179725,154.8999999999955
0.17794464500435653,154.99999999999548
0.26614398580369614,155.09999999999548
0.3950542887121796,155.19999999999547
0.7417011367786163,155.29999999999546
0.04595311028069936,155.39999999999546
0.8714545751357953,155.49999999999545
0.5696977896946027,155.59999999999545
0.1235858135032809,155.69999999999544
0.10717904484459463,155.79999999999544
0.04071075894237359,155.89999999999543
-0.1490706897339747,155.99999999999542
-0.08893326116498199,156.09999999999542
0.1466051518923241,156.1999999999954
-0.35862922590391866,156.2999999999954
0.4632769708520452,156.3999999999954
-0.0393196765493829,156.4999999999954
0.017484089398164565,156.5999999999954
-0.26301446221183433,156.69999999999538
0.38109894651962584,156.79999999999538
0.008723412868430619,156.89999999999537
0.24017371565684237,156.99999999999537
0.244549089618442,157.09999999999536
-0.036386135220470406,157.19999999999536
-0.3466502412095286,157.29999999999535
0.1419364499456806,157.39999999999534
-0.25940327463801227,157.49999999999534
-0.06470974060990284,157.59999999999533
-0.041154876048399736,157.69999999999533
0.46287405404030946,157.79999999999532
0.078049869961572,157.89999999999532
0.16265568365951044,157.9999999999953
-0.2674813233905716,158.0999999999953
0.7430065294566887,158.1999999999953
0.17018549878714018,158.2999999999953
0.34200501089330304,158.3999999999953
0.3375205465211032,158.49999999999528
0.34366272677032117,158.59999999999528
0.36578078293496574,158.69999999999527
0.3696013903818438,158.79999999999526
0.012484703343173795,158.89999999999526
0.23663177033059746,158.99999999999525
0.2650261135533992,159.09999999999525
0.7924073066069762,159.19999999999524
-0.42240908189829196,159.29999999999524
-0.22609384779456052,159.39999999999523
-0.3643319591312023,159.49999999999523
-0.08668067421442288,159.59999999999522
0.025823048891419995,159.6999999999952
0.40265642341591334,159.7999999999952
0.32239743899318085,159.8999999999952
-0.23527637232962437,159.9999999999952
-0.43730579962188454,160.0999999999952
0.40795092309769954,160.19999999999519
0.21435514654980442,160.29999999999518
0.8467214516965565,160.39999999999517
0.1102923998809037,160.49999999999517
-0.08507498054192403,160.59999999999516
0.06982306641968192,160.69999999999516
-0.2332460089813387,160.79999999999515
0.46714269312855594,160.89999999999515
0.9177134225568836,160.99999999999514
0.05896429044056373,161.09999999999513
0.3700656075736325,161.19999999999513
0.11854601447834912,161.29999999999512
-0.05317836798607686,161.39999999999512
-0.2854666239669893,161.4999999999951
0.06759826098129251,161.5999999999951
-0.3959254354523253,161.6999999999951
0.15555648973781872,161.7999999999951
0.37682405481665826,161.8999999999951
-0.7225796789847059,161.99999999999508
0.35236305346124297,162.09999999999508
0.4676419697531453,162.19999999999507
0.23261420042502348,162.29999999999507
-0.058274764799148976,162.39999999999506
-0.02888965756376982,162.49999999999505
-0.05672567721236152,162.59999999999505
0.19607852922424254,162.69999999999504
0.5105863065355888,162.79999999999504
0.647136206262623,162.89999999999503
0.7213884146309948,162.99999999999503
0.3290444769456631,163.09999999999502
-0.12994085622067816,163.19999999999501
0.6805410454339671,163.299999999995
0.2805663602123175,163.399999999995
-0.25327812580365794,163.499999999995
0.08184374539772916,163.599999999995
0.5979968729031582,163.699999999995
0.16296912111537237,163.79999999999498
-0.18269247230396732,163.89999999999498
-0.3323033427433012,163.99999999999497
0.3581342059484601,164.09999999999496
0.07723723360239468,164.19999999999496
-0.27629971635350103,164.29999999999495
0.380364056925096,164.39999999999495
0.35395621072841943,164.49999999999494
0.03586340695401943,164.59999999999494
0.1347564215285629,164.69999999999493
-0.34041758394068045,164.79999999999492
-0.487716360776984,164.89999999999492
0.04478811091674942,164.9999999999949
0.07729864135738908,165.0999999999949
-0.30935980516766215,165.1999999999949
-0.3625090607061091,165.2999999999949
-0.1649152830667697,165.3999999999949
0.24345428396272614,165.49999999999488
0.015440665353447083,165.59999999999488
0.580819306304149,165.69999999999487
0.1424396246834402,165.79999999999487
-0.630775281828497,165.89999999999486
0.7972531548336388,165.99999999999486
-0.06592551667800725,166.09999999999485
-0.5373114552595946,166.19999999999484
0.6028835603666346,166.29999999999484
0.4079274244644219,166.39999999999483
0.2287350788096786,166.49999999999483
0.20216815292884321,166.59999999999482
0.24802793178335067,166.69999999999482
0.30559690420607544,166.7999999999948
-0.23143044484075462,166.8999999999948
-0.19961363553228287,166.9999999999948
-0.25419099410982493,167.0999999999948
-0.06342400271839077,167.1999999999948
-0.32451521675298167,167.29999999999478
-0.10863181175553155,167.39999999999478
0.5463524259875647,167.49999999999477
-0.17199064061348093,167.59999999999476
0.020710571221107116,167.69999999999476
0.031765574611986536,167.79999999999475
0.38910061141374375,167.89999999999475
-0.16650828731070602,167.99999999999474
-0.17648912128247837,168.09999999999474
0.09634783936242522,168.19999999999473
-0.020696475424219013,168.29999999999472
0.17720045622417088,168.39999999999472
-0.09616972095719675,168.4999999999947
0.4083782374804774,168.5999999999947
-0.0871922178391864,168.6999999999947
0.6805277956216943,168.7999999999947
0.21071391828218108,168.8999999999947
-0.5078697868389751,168.99999999999469
0.21482502178071677,169.09999999999468
-0.07631134897592373,169.19999999999467
-0.18636661249118006,169.29999999999467
0.0071608953629383465,169.39999999999466
0.3309921597264597,169.49999999999466
-0.19272674495100325,169.59999999999465
-0.7408769107704168,169.69999999999465
0.07303766130002357,169.79999999999464
0.39781245384455144,169.89999999999463
0.07535767865013587,169.99999999999463
0.20405479437706364,170.09999999999462
0.49652361099777076,170.19999999999462
-0.07843952870755425,170.2999999999946
0.2216872140042837,170.3999999999946
0.02790534610267313,170.4999999999946
0.159609755641774,170.5999999999946
-0.0777829569265959,170.6999999999946
-0.11930051486398172,170.79999999999458
0.01885851447785461,170.89999999999458
0.2263289820094364,170.99999999999457
0.29718233236034564,171.09999999999457
-0.3424968080195757,171.19999999999456
0.3843486116567243,171.29999999999455
0.3112479556069474,171.39999999999455
0.06974455166079549,171.49999999999454
-0.477390498115711,171.59999999999454
-0.1325375161090877,171.69999999999453
-0.3363125125900821,171.79999999999453
-0.25753102436251474,171.89999999999452
0.41749364391499255,171.99999999999451
0.20027034936951654,172.0999999999945
-0.01297131352097522,172.1999999999945
-0.3279015084800455,172.2999999999945
0.2671326014525425,172.3999999999945
0.23436315885610054,172.4999999999945
0.34163581665584525,172.59999999999448
-0.25317577190647755,172.69999999999447
0.19385767366816667,172.79999999999447
-0.10374153892791518,172.89999999999446
0.023673472046526978,172.99999999999446
-0.029406214144738763,173.09999999999445
0.0041906252774326636,173.19999999999445
-0.42988728910943275,173.29999999999444
0.06048633792292509,173.39999999999444
0.013415965449965914,173.49999999999443
0.28154253414740127,173.59999999999442
0.1693020095315803,173.69999999999442
0.06093631050031818,173.7999999999944
0.4416308101688715,173.8999999999944
0.2567448011087772,173.9999999999944
0.37539558594557443,174.0999999999944
0.39571396055585006,174.1999999999944
0.21062315848974544,174.29999999999438
0.400177593084476,174.39999999999438
0.31189262921443317,174.49999999999437
-0.5010180786110352,174.59999999999437
0.40426433058051126,174.69999999999436
0.2519927811324246,174.79999999999436
0.002241043483772437,174.89999999999435
0.764652194084714,174.99999999999434
-0.14484972680515307,175.09999999999434
-0.1021123550482533,175.19999999999433
0.07856227901525893,175.29999999999433
-0.2548254430602813,175.39999999999432
0.12551189787471212,175.49999999999432
0.44670535478960804,175.5999999999943
0.025731327430443582,175.6999999999943
0.24194073990318246,175.7999999999943
0.000675483910613367,175.8999999999943
0.5352835273022151,175.9999999999943
-0.20086293073976638,176.09999999999428
-0.2118472018101443,176.19999999999428
0.17200361644374604,176.29999999999427
0.43682533136480384,176.39999999999426
-0.2208478574392149,176.49999999999426
0.9197136572160205,176.59999999999425
0.12314364539901601,176.69999999999425
-0.23622747782603862,176.79999999999424
0.7120072334544065,176.89999999999424
-0.29192809505531714,176.99999999999423
0.4766114189639402,177.09999999999422
-0.4609157575985303,177.19999999999422
0.3862287259875652,177.2999999999942
0.27750324646876584,177.3999999999942
-0.2091171524459853,177.4999999999942
0.18069512823934225,177.5999999999942
0.3604483537789127,177.6999999999942
-0.13210788190964462,177.79999999999418
-0.011927002690456698,177.89999999999418
0.32035813961187676,177.99999999999417
-0.1108596782608691,178.09999999999417
-0.02786245930948028,178.19999999999416
0.16320294676976752,178.29999999999416
-0.371045036946828,178.39999999999415
0.11178781245524123,178.49999999999415
0.03456000468149098,178.59999999999414
0.4305733457665404,178.69999999999413
-0.08066455820346727,178.79999999999413
0.2032372000552488,178.89999999999412
-0.28716860354232376,178.99999999999412
0.23346795027507072,179.0999999999941
0.15771230195995659,179.1999999999941
0.26187251431972125,179.2999999999941
-0.3985120468032486,179.3999999999941
0.05238926176246321,179.4999999999941
-0.09091200328848734,179.59999999999408
-0.22325174739433537,179.69999999999408
-0.03353954916896418,179.79999999999407
0.23708355868688422,179.89999999999407
-0.1539706572428525,179.99999999999406
0.14418649555286114,180.09999999999405
0.005521851317281806,180.19999999999405
0.1759103062615387,180.29999999999404
-0.1562386792301695,180.39999999999404
-0.09397711753155755,180.49999999999403
0.18631018981404507,180.59999999999403
0.09668532980754038,180.69999999999402
0.23010447348094293,180.79999999999401
0.15099143846960808,180.899999999994
0.3540770382929843,180.999999999994
0.19052320696033181,181.099999999994
-0.04010506488329113,181.199999999994
0.19210921252838004,181.299999999994
-0.2537962674067693,181.39999999999398
-0.2980655889602266,181.49999999999397
-0.36574795581213726,181.59999999999397
-0.2536097082501756,181.69999999999396
0.6587660049524064,181.79999999999396
0.3532263805922319,181.89999999999395
-0.2179951562499761,181.99999999999395
-0.2957080484754274,182.09999999999394
0.3401520616839919,182.19999999999393
-0.3850300898935385,182.29999999999393
0.27714131691288524,182.39999999999392
0.25980240458539516,182.49999999999392
0.40752078337768405,182.5999999999939
0.04711282853861841,182.6999999999939
0.2286746512448904,182.7999999999939
0.1957677829710165,182.8999999999939
-0.056467478733007614,182.9999999999939
-0.4140261790846679,183.09999999999388
-0.12489091533390259,183.19999999999388
0.7794123454761958,183.29999999999387
0.5288811921848922,183.39999999999387
0.3189136342897978,183.49999999999386
0.24001223673305205,183.59999999999386
0.4551990003493638,183.69999999999385
0.6017265283586122,183.79999999999384
0.3456953706790582,183.89999999999384
-0.5332875950267794,183.99999999999383
0.2518373372745398,184.09999999999383
-0.02424492451014683,184.19999999999382
0.3452320596438102,184.29999999999382
-0.31734144435500256,184.3999999999938
0.3649755131020067,184.4999999999938
0.2857844669439392,184.5999999999938
-0.03459484854576286,184.6999999999938
0.4172973872146294,184.7999999999938
-0.5366602112773762,184.89999999999378
-0.4726760448462948,184.99999999999378
0.06415973895695981,185.09999999999377
0.23927772108278403,185.19999999999376
-0.6763404681550308,185.29999999999376
0.5617652058863354,185.39999999999375
0.03220377980030466,185.49999999999375
-0.5053792826417828,185.59999999999374
-0.4402550307231491,185.69999999999374
0.12366966599978242,185.79999999999373
-0.3987162183676348,185.89999999999372
-0.06125443361198227,185.99999999999372
0.03243822434569264,186.0999999999937
0.2644049504372371,186.1999999999937
0.02104893044652431,186.2999999999937
-0.13730091470864522,186.3999999999937
-0.2135480438326379,186.4999999999937
0.7953809303773297,186.59999999999368
0.2650810402411951,186.69999999999368
0.3217253032026932,186.79999999999367
0.9255129156489995,186.89999999999367
-0.4195902573860877,186.99999999999366
-0.08599943217620776,187.09999999999366
-0.10071070873052854,187.19999999999365
0.3392598170326848,187.29999999999364
0.17712514061343634,187.39999999999364
-0.46277250433725314,187.49999999999363
0.07597606848066414,187.59999999999363
0.1078605359993893,187.69999999999362
0.29846863317936434,187.79999999999362
-0.4266741572015037,187.8999999999936
-0.17923525672304894,187.9999999999936
-0.32131972891464267,188.0999999999936
0.16688316948041743,188.1999999999936
0.22089492423876023,188.2999999999936
-0.05230243965097814,188.39999999999358
0.1968003178456213,188.49999999999358
-0.07786690966627086,188.59999999999357
0.2655668217882817,188.69999999999357
0.1362251622682164,188.79999999999356
0.03151524180293444,188.89999999999355
0.4817603920206237,188.99999999999355
0.004237651513018609,189.09999999999354
-0.2828806237947529,189.19999999999354
0.2727129923216871,189.29999999999353
0.596989019895972,189.39999999999353
0.378140885462553,189.49999999999352
-0.3220345466212765,189.5999999999935
-0.2198641883711022,189.6999999999935
-0.048175639548247495,189.7999999999935
0.12245123726538559,189.8999999999935
0.35443252621097254,189.9999999999935
-0.36427350938111647,190.09999999999349
0.027232454730617486,190.19999999999348
0.06560839010674063,190.29999999999347
0.061082797533376997,190.39999999999347
0.13902765936035907,190.49999999999346
0.023039576955302468,190.59999999999346
0.7109818334464679,190.69999999999345
0.02236702287441085,190.79999999999345
0.2226853818437388,190.89999999999344
0.251451757845523,190.99999999999343
-0.1240906142170432,191.09999999999343
0.09434967848374003,191.19999999999342
-0.10507282934512699,191.29999999999342
0.898196179026487,191.3999999999934
0.16732944904902908,191.4999999999934
0.19035501430637886,191.5999999999934
0.13378043241381363,191.6999999999934
0.42329304195995787,191.7999999999934
-0.14344766592073177,191.89999999999338
0.14034241205452333,191.99999999999338
0.47956067007626957,192.09999999999337
-0.2699095704514648,192.19999999999337
-0.0062304765305098014,192.29999999999336
-0.05758604637780429,192.39999999999336
-0.3524871919390783,192.49999999999335
0.15205871899655296,192.59999999999334
-0.3543484158429524,192.69999999999334
-0.23807130350419112,192.79999999999333
0.42553336068840997,192.89999999999333
-0.1772478396617904,192.99999999999332
-0.3109491967611825,193.09999999999332
-0.16537237605657676,193.1999999999933
0.07519163258172767,193.2999999999933
-0.46349101535521253,193.3999999999933
-0.2287283731519121,193.4999999999933
0.36185656134681243,193.5999999999933
0.15087075220653073,193.69999999999328
0.11720801733555439,193.79999999999328
0.19447769361490852,193.89999999999327
-0.05100168167836219,193.99999999999326
-0.3312027397357066,194.09999999999326
0.21168424237135508,194.19999999999325
0.09149385091251722,194.29999999999325
0.40647545973563526,194.39999999999324
0.36034520863888175,194.49999999999324
-0.027510913953375016,194.59999999999323
0.2775229543879486,194.69999999999322
-0.2092629061672451,194.79999999999322
-0.2601045525149055,194.8999999999932
0.25912736395217806,194.9999999999932
0.2776521024358267,195.0999999999932
-0.2100579762141729,195.1999999999932
-0.014505551586476081,195.2999999999932
0.41782041960472405,195.39999999999318
0.1521388192335585,195.49999999999318
-0.24894291661148113,195.59999999999317
-0.06391590630943733,195.69999999999317
-0.007208050153721793,195.79999999999316
-0.1524087946914908,195.89999999999316
0.2029522774572568,195.99999999999315
0.005416032312720864,196.09999999999314
0.07612800503926218,196.19999999999314
-0.20288546281602018,196.29999999999313
0.05474443682862406,196.39999999999313
0.2701118482800644,196.49999999999312
-0.6282600163202473,196.59999999999312
0.3048151607635373,196.6999999999931
0.8879680700149695,196.7999999999931
0.2740768070354682,196.8999999999931
0.29478645310870444,196.9999999999931
0.38452597169153957,197.0999999999931
0.10439837973225509,197.19999999999308
0.026279415454586424,197.29999999999308
0.28379948514635445,197.39999999999307
-0.33329708179900164,197.49999999999307
-0.23602435851083012,197.59999999999306
0.9250568651166099,197.69999999999305
-0.6833955754976849,197.79999999999305
0.3390344437388744,197.89999999999304
-0.13812229941497692,197.99999999999304
0.7314895747777653,198.09999999999303
0.4267245964042955,198.19999999999303
-0.15004264754465227,198.29999999999302
0.2826390496269384,198.399999999993
0.4584248108632921,198.499999999993
0.5228219342652943,198.599999999993
0.39396099928836437,198.699999999993
-0.3656606376603092,198.799999999993
0.04287482931145117,198.89999999999299
-0.08309703788597467,198.99999999999298
-0.19340828440970312,199.09999999999297
-0.24169179883065442,199.19999999999297
-0.4390204083467272,199.29999999999296
0.4327992457520372,199.39999999999296
-0.3319418982196065,199.49999999999295
-0.07795680165301205,199.59999999999295
0.3432697954696262,199.69999999999294
0.27804657412959105,199.79999999999293
0.6718081252930737,199.89999999999293
-0.00018683713644568334,199.99999999999292
0.08062045974446343,200.09999999999292
0.36047252082696346,200.1999999999929
0.28285218452208016,200.2999999999929
0.03290810716732456,200.3999999999929
-0.16170911837287302,200.4999999999929
0.5307461833082988,200.5999999999929
-0.19211681731112082,200.69999999999288
0.3935697408778833,200.79999999999288
0.24750019453404806,200.89999999999287
-0.640282093204673,200.99999999999287
-0.18321189287126646,201.09999999999286
-0.16153576227087704,201.19999999999285
0.4376275490351893,201.29999999999285
0.05766801132227701,201.39999999999284
-0.6885982159571707,201.49999999999284
-0.3110910774351019,201.59999999999283
0.7816183566458553,201.69999999999283
0.4424393935355698,201.79999999999282
-0.08983608733626611,201.89999999999281
-0.20793260199632504,201.9999999999928
-0.010191596373596568,202.0999999999928
0.27750392018438846,202.1999999999928
0.184135272866274,202.2999999999928
-0.0362670357586477,202.3999999999928
0.51949922659721,202.49999999999278
0.6422543375917882,202.59999999999278
-0.47350796206270174,202.69999999999277
0.38189347001859275,202.79999999999276
0.29360378326180514,202.89999999999276
-0.1149473093607801,202.99999999999275
0.4222621121200256,203.09999999999275
-0.6765388954667201,203.19999999999274
-0.11670920282901415,203.29999999999274
0.27642417457989543,203.39999999999273
0.15969723756494747,203.49999999999272
-0.31280865514128586,203.59999999999272
-0.17144877127856586,203.6999999999927
0.7412742175030524,203.7999999999927
-0.42082812610809994,203.8999999999927
-0.003366425763955197,203.9999999999927
0.7799085080375612,204.0999999999927
0.1361163808797696,204.19999999999268
-0.20152272344443253,204.29999999999268
0.35830691489777156,204.39999999999267
-0.3121438702284658,204.49999999999267
-0.2687756050807195,204.59999999999266
0.22188631770773315,204.69999999999266
0.5856912955605528,204.79999999999265
0.32340707414784586,204.89999999999264
0.4969787840097618,204.99999999999264
0.13488831768609316,205.09999999999263
-0.016495908725015898,205.19999999999263
-0.5746826306462407,205.29999999999262
0.018931599634924454,205.39999999999262
0.343734470408124,205.4999999999926
-0.295966409467727,205.5999999999926
0.4972392010892379,205.6999999999926
-0.07323318406479021,205.7999999999926
-0.2515476476806807,205.8999999999926
-0.5251164305419833,205.99999999999258
-0.13317589747829947,206.09999999999258
0.43085886989406286,206.19999999999257
0.18173789909495236,206.29999999999256
-0.033534137728904984,206.39999999999256
0.7920054638498921,206.49999999999255
0.09214705736964861,206.59999999999255
0.37646487398159934,206.69999999999254
0.1202020268252301,206.79999999999254
0.28490759947793487,206.89999999999253
0.31332679104280003,206.99999999999253
-0.5912191818809284,207.09999999999252
0.12927259588212892,207.1999999999925
0.8205021808260042,207.2999999999925
0.1577691365350448,207.3999999999925
0.42856932911740997,207.4999999999925
0.08480955306111512,207.5999999999925
-0.2369929086981842,207.69999999999249
0.474269313522496,207.79999999999248
-0.47673463204832867,207.89999999999247
0.11966256952173544,207.99999999999247
-0.04819477290634311,208.09999999999246
-0.1030725846929883,208.19999999999246
0.11720404796219033,208.29999999999245
0.4744293124874821,208.39999999999245
0.2551457077592292,208.49999999999244
0.25732435226179423,208.59999999999243
-0.07803245841940412,208.69999999999243
-0.203642078299707,208.79999999999242
0.15999820575181536,208.89999999999242
0.12652336516403867,208.9999999999924
0.1276894734872347,209.0999999999924
-0.08607077974790053,209.1999999999924
-0.00534519734622714,209.2999999999924
0.061389096614839544,209.3999999999924
-0.3273098487303755,209.49999999999238
0.05113976089546228,209.59999999999238
0.3894902184354534,209.69999999999237
0.1104570033649866,209.79999999999237
0.2890815012931299,209.89999999999236
-0.24021910243368275,209.99999999999235
-0.03063490723185014,210.09999999999235
0.26977481646547674,210.19999999999234
0.1653728678183246,210.29999999999234
0.11346514599573439,210.39999999999233
0.012689995453726788,210.49999999999233
0.20706401349711695,210.59999999999232
0.15036469108603287,210.69999999999231
-0.09030150656636049,210.7999999999923
-0.050375433033029826,210.8999999999923
0.2729814568706578,210.9999999999923
0.4644927112200192,211.0999999999923
0.39214950876531374,211.1999999999923
0.043030821722755054,211.29999999999228
0.17991100982779687,211.39999999999227
0.7520581753203089,211.49999999999227
0.6328090954547099,211.59999999999226
0.701139322256387,211.69999999999226
-0.24316496827603098,211.79999999999225
-0.00588351686673956,211.89999999999225
0.07533011725319427,211.99999999999224
-0.31400480570623734,212.09999999999224
0.1618527754190299,212.19999999999223
-0.07048851257785085,212.29999999999222
0.2628092184955296,212.39999999999222
0.2662972770495927,212.4999999999922
0.41015177647694456,212.5999999999922
0.10929773946335677,212.6999999999922
0.9263581893281004,212.7999999999922
-0.19613906930502226,212.8999999999922
0.10999754162580597,212.99999999999218
0.21132877212294504,213.09999999999218
-0.13014844626686084,213.19999999999217
0.36581121329906474,213.29999999999217
0.5555806511934027,213.39999999999216
-0.013293897316606032,213.49999999999216
0.25187199331292887,213.59999999999215
0.5864593451647327,213.69999999999214
0.05139759145085025,213.79999999999214
0.11657729105843552,213.89999999999213
0.26294802706817283,213.99999999999213
0.05142298489931137,214.09999999999212
0.41594359565853234,214.19999999999212
-0.2839070668955782,214.2999999999921
0.15528919063915747,214.3999999999921
0.11610746994677903,214.4999999999921
0.23128186785693378,214.5999999999921
0.2007903640082468,214.6999999999921
0.6109286213134267,214.79999999999208
0.19860063578713189,214.89999999999208
-0.3628864468783799,214.99999999999207
-0.21890242372008548,215.09999999999206
-0.42239270143227337,215.19999999999206
-0.14523066448366023,215.29999999999205
0.2970751121740525,215.39999999999205
-0.24495367393338688,215.49999999999204
0.38583230969676485,215.59999999999204
-0.11790783127568483,215.69999999999203
0.11475639041312675,215.79999999999202
0.23297124859331922,215.89999999999202
0.19102156928269143,215.999999999992
0.8594482138202446,216.099999999992
-0.17314337274396094,216.199999999992
0.1986098377728986,216.299999999992
0.17333614481601228,216.399999999992
-0.8852077246848883,216.49999999999199
-0.262150891123589,216.59999999999198
0.6886491343058975,216.69999999999197
-0.06337560718234156,216.79999999999197
0.0869869119885445,216.89999999999196
0.8680333038088489,216.99999999999196
0.26639451296662614,217.09999999999195
0.7100635091075447,217.19999999999195
0.023323936357870736,217.29999999999194
0.07096549203616002,217.39999999999193
0.3173286938512593,217.49999999999193
0.43365783626429133,217.59999999999192
0.13494248911263343,217.69999999999192
0.06799464966491214,217.7999999999919
0.2990556955562872,217.8999999999919
0.3761717888668281,217.9999999999919
0.4392209075771778,218.0999999999919
0.2508517801771942,218.1999999999919
-0.08820703299102295,218.29999999999188
0.22186795445748514,218.39999999999188
-0.40921382451904387,218.49999999999187
-0.09546202800285922,218.59999999999187
-0.6198487970097212,218.69999999999186
0.28430509623102385,218.79999999999185
-0.32427115536769,218.89999999999185
0.5930308169953701,218.99999999999184
0.4290048894224824,219.09999999999184
-0.11735045122588464,219.19999999999183
0.7510678162348401,219.29999999999183
0.07199007766618334,219.39999999999182
0.13737530827065722,219.49999999999181
-0.06212255762262689,219.5999999999918
0.01417065969694263,219.6999999999918
0.037503902173583806,219.7999999999918
-0.1379127936581501,219.8999999999918
0.5174858634239232,219.9999999999918
-0.5522847429033529,220.09999999999178
-0.047135230710614734,220.19999999999177
0.37630774213158447,220.29999999999177
0.28216047911202013,220.39999999999176
0.33935591697580836,220.49999999999176
0.30814831951940835,220.59999999999175
-0.46352788661982214,220.69999999999175
-0.1750933920223415,220.79999999999174
-0.7554886232569598,220.89999999999173
-0.27838420546684095,220.99999999999173
-0.22846133782622116,221.09999999999172
-0.2110318493938054,221.19999999999172
0.13875630413131684,221.2999999999917
-0.025194969927246763,221.3999999999917
-0.23418938918663104,221.4999999999917
0.528163704289149,221.5999999999917
-0.06956831954726458,221.6999999999917
-0.1766979231313495,221.79999999999168
-0.31284200190223543,221.89999999999168
0.36685884125888146,221.99999999999167
0.02925181957747973,222.09999999999167
-0.09147840524549064,222.19999999999166
-0.0008721380834915277,222.29999999999166
0.633360386952127,222.39999999999165
-0.06160852728916,222.49999999999164
-0.02786063456062171,222.59999999999164
-0.03919461762115964,222.69999999999163
0.6367353190675363,222.79999999999163
0.023240806197336095,222.89999999999162
0.5564941432371279,222.99999999999162
0.21560076374881193,223.0999999999916
0.49220416543443013,223.1999999999916
0.29945570638224095,223.2999999999916
-0.14034874379488985,223.3999999999916
-0.24687620667763896,223.4999999999916
0.267886717902897,223.59999999999158
-0.3007608999648441,223.69999999999158
0.024884504044577968,223.79999999999157
-0.34573417618424906,223.89999999999156
0.3008782891307772,223.99999999999156
0.05970504572447134,224.09999999999155
0.5826901194193241,224.19999999999155
0.2575459929339213,224.29999999999154
0.42064017943027265,224.39999999999154
-0.16605795167442403,224.49999999999153
0.17329658628992883,224.59999999999152
0.4914923798981021,224.69999999999152
-0.024733164766913854,224.7999999999915
-0.43248650728460714,224.8999999999915
0.6509089852983394,224.9999999999915
0.24800006692142454,225.0999999999915
0.20518579633789782,225.1999999999915
-0.11001213513093713,225.29999999999148
-0.7625134456266336,225.39999999999148
0.41487633437160176,225.49999999999147
0.3005218144709996,225.59999999999147
0.3138666779253033,225.69999999999146
-0.2417530578988452,225.79999999999146
0.012243991344866006,225.89999999999145
-0.33877806769784813,225.99999999999145
-0.26009875305373586,226.09999999999144
0.3204011903881588,226.19999999999143
-0.05575230755483471,226.29999999999143
0.4215086044678693,226.39999999999142
0.37409258099727916,226.49999999999142
0.1556632841202362,226.5999999999914
0.27483027592007647,226.6999999999914
-0.0350393605465521,226.7999999999914
0.8267744462292863,226.8999999999914
0.11991802352614879,226.9999999999914
-0.38621712551764176,227.09999999999138
0.5609730312177701,227.19999999999138
-0.20679495930088101,227.29999999999137
0.26581526942924016,227.39999999999137
-0.1587361332460905,227.49999999999136
-0.022990901194656826,227.59999999999135
-0.25993630968261217,227.69999999999135
-0.10229281657831993,227.79999999999134
0.30587843560169503,227.89999999999134
0.7939915707365186,227.99999999999133
0.23720109372861348,228.09999999999133
0.0799867597593831,228.19999999999132
-0.28585162651306684,228.29999999999131
0.43836514540024685,228.3999999999913
0.12966203954068706,228.4999999999913
-0.042132303543146316,228.5999999999913
0.38831993385272834,228.6999999999913
0.4196588933361287,228.7999999999913
0.03469327382054656,228.89999999999128
0.3221677031580268,228.99999999999127
0.12706355564527283,229.09999999999127
-0.009630439604578933,229.19999999999126
0.0549518491606698,229.29999999999126
-0.21376981995857078,229.39999999999125
-0.22195358435754795,229.49999999999125
0.2935395008596008,229.59999999999124
0.5576820530086565,229.69999999999123
0.19982003196544917,229.79999999999123
-0.036173746856872524,229.89999999999122
0.15036991021364607,229.99999999999122
-0.7435508080997216,230.0999999999912
-0.31284620372383165,230.1999999999912
-0.3041877736765102,230.2999999999912
0.21157565911950765,230.3999999999912
0.35235851681098684,230.4999999999912
-0.11291518688035582,230.59999999999118
-0.06719601456883675,230.69999999999118
-0.07540643972307459,230.79999999999117
0.09180707783974276,230.89999999999117
0.27994008718541463,230.99999999999116
0.11795008311601407,231.09999999999116
0.1626644431017502,231.19999999999115
0.062047608148292625,231.29999999999114
-0.20842557094871358,231.39999999999114
-0.1313010617054646,231.49999999999113
0.031782338325652124,231.59999999999113
-0.271484656911522,231.69999999999112
0.0026334586622562134,231.79999999999112
0.6682404460422908,231.8999999999911
0.22853664355710313,231.9999999999911
-0.0031931667986236922,232.0999999999911
-0.2374356867728282,232.1999999999911
0.43139808387477063,232.2999999999911
0.3145042723006819,232.39999999999108
-0.024798643865781442,232.49999999999108
0.20057937202841664,232.59999999999107
0.23914727838144098,232.69999999999106
-0.12326944375296756,232.79999999999106
0.19729859158091514,232.89999999999105
0.21353642102200043,232.99999999999105
-0.3053716992701695,233.09999999999104
-0.0071275049992942235,233.19999999999104
-0.0016798936781668716,233.29999999999103
0.0077027205766055235,233.39999999999102
0.21259257183979505,233.49999999999102
-0.3015256351251784,233.599999999991
0.13544370120504806,233.699999999991
0.7177341860238415,233.799999999991
0.798206649453567,233.899999999991
-0.15249031154686968,233.999999999991
0.18815915930376875,234.09999999999098
0.4446464598428388,234.19999999999098
0.423247417133081,234.29999999999097
0.15937323519086652,234.39999999999097
0.02276341351328616,234.49999999999096
-0.13964236920255657,234.59999999999096
-0.20938682457534671,234.69999999999095
0.19816679943706847,234.79999999999094
0.1475400239589424,234.89999999999094
-0.1952516471417667,234.99999999999093
-0.23505449861611297,235.09999999999093
-0.1576036612489369,235.19999999999092
-0.44067524367023236,235.29999999999092
-0.023320251331847272,235.3999999999909
-0.34184010031891043,235.4999999999909
-0.6432518043389096,235.5999999999909
-0.16251535966022382,235.6999999999909
0.48105200997826514,235.7999999999909
0.048785468365234265,235.89999999999088
0.028097001210334357,235.99999999999088
0.23335677255016934,236.09999999999087
0.3545591802737791,236.19999999999087
-0.09823681041752425,236.29999999999086
0.5076352867145507,236.39999999999085
0.2914165339531699,236.49999999999085
-0.07670031157550525,236.59999999999084
0.6684552934407932,236.69999999999084
-0.12881122276950138,236.79999999999083
0.22705379794929162,236.89999999999083
0.2969109749773381,236.99999999999082
0.3728279626833332,237.0999999999908
0.4209733451078863,237.1999999999908
-0.18527818391404535,237.2999999999908
0.02890132542387025,237.3999999999908
0.1526978971415338,237.4999999999908
-0.09542355314102113,237.59999999999079
0.4008001480471345,237.69999999999078
0.05336138517918484,237.79999999999077
-0.04317390061326595,237.89999999999077
-0.6278402152879436,237.99999999999076
-0.284805860229042,238.09999999999076
-0.0743389680993683,238.19999999999075
-0.02651498507123559,238.29999999999075
0.31995378109923056,238.39999999999074
-0.25886682129112915,238.49999999999073
0.5301214308097173,238.59999999999073
0.21987358970849707,238.69999999999072
0.07925244521628061,238.79999999999072
0.1445973280806201,238.8999999999907
0.3992002551381575,238.9999999999907
-0.3590148875486123,239.0999999999907
0.14595875361086857,239.1999999999907
0.4557566362234219,239.2999999999907
0.41651397943308,239.39999999999068
-0.3160337308718517,239.49999999999068
0.6178519539556326,239.59999999999067
0.6421633146515558,239.69999999999067
0.25689979020137665,239.79999999999066
0.06203799001536707,239.89999999999065
0.01291594682219735,239.99999999999065
-0.05200764954695883,240.09999999999064
0.37048783723425094,240.19999999999064
0.05200256903933331,240.29999999999063
0.14557619322774304,240.39999999999063
-0.3845605881205554,240.49999999999062
0.17204672080577263,240.59999999999062
0.6176335681845645,240.6999999999906
-0.09245826928618422,240.7999999999906
-0.3102105268828579,240.8999999999906
0.17403237220375667,240.9999999999906
-0.0434841383273023,241.0999999999906
-0.0012036010112644602,241.19999999999058
0.39888608804025416,241.29999999999058
0.13971989813207453,241.39999999999057
0.16481931570729735,241.49999999999056
0.08055796371782412,241.59999999999056
0.18733873139655927,241.69999999999055
0.10299215471526946,241.79999999999055
-0.46248891952110627,241.89999999999054
0.20708805006203368,241.99999999999054
0.06511797585020372,242.09999999999053
0.4227347161406838,242.19999999999052
-0.1674681053246462,242.29999999999052
0.07170372755487389,242.3999999999905
-0.36558468149790124,242.4999999999905
0.2774417148094983,242.5999999999905
0.400950907521024,242.6999999999905
0.09650565052485888,242.7999999999905
-0.23681421288326923,242.89999999999048
0.1456733505070818,242.99999999999048
-0.2501271732293755,243.09999999999047
-0.49739425325781994,243.19999999999047
0.3663643519792228,243.29999999999046
-0.29062935437839355,243.39999999999046
-0.20695293402243195,243.49999999999045
0.6864327158148138,243.59999999999044
0.21096540324819413,243.69999999999044
0.3397326996317107,243.79999999999043
-0.28523615647092326,243.89999999999043
0.04981313415860004,243.99999999999042
0.07405968533082398,244.09999999999042
0.1887033477756093,244.1999999999904
0.24987183376750874,244.2999999999904
-0.3836965922679485,244.3999999999904
-0.5597019786235493,244.4999999999904
0.2290635784112611,244.5999999999904
0.08286353239196134,244.69999999999038
0.08555669207266621,244.79999999999038
-0.6158417356083923,244.89999999999037
0.3247291746104386,244.99999999999037
-0.20572080971358384,245.09999999999036
-0.352264858691849,245.19999999999035
0.08469855722595142,245.29999999999035
-0.8237962522983652,245.39999999999034
-0.0001228658444560743,245.49999999999034
0.14732524459730517,245.59999999999033
0.4436985839035511,245.69999999999033
-0.05268571936027003,245.79999999999032
0.5292455895460855,245.8999999999903
-0.07884151388375771,245.9999999999903
0.21621469605146332,246.0999999999903
0.37108850890008005,246.1999999999903
0.7004628433347142,246.2999999999903
0.1340290987139544,246.39999999999029
-0.1976881234499069,246.49999999999028
0.44655619353785636,246.59999999999027
0.17462919848783054,246.69999999999027
-0.4564857480460024,246.79999999999026
-0.10493989339958426,246.89999999999026
0.42911968538052037,246.99999999999025
0.2403010941523516,247.09999999999025
0.1711011701839483,247.19999999999024
-0.2229763197023897,247.29999999999023
0.8369925886568774,247.39999999999023
0.03928257495243268,247.49999999999022
0.6573131454651574,247.59999999999022
0.002695437835211714,247.6999999999902
-0.4564932648387703,247.7999999999902
0.40093903764694927,247.8999999999902
0.0051399612929187155,247.9999999999902
0.04968021477083518,248.0999999999902
-0.18503094934177985,248.19999999999018
-0.25363381118026473,248.29999999999018
-0.14257671299537636,248.39999999999017
0.012795661761326571,248.49999999999017
0.4446978945719834,248.59999999999016
0.16007269108084446,248.69999999999015
0.1233568005592944,248.79999999999015
0.006897740635693941,248.89999999999014
0.15562074674948195,248.99999999999014
-0.2893778286482993,249.09999999999013
0.2998392930740052,249.19999999999013
-0.44641198009719796,249.29999999999012
0.35061188814404876,249.39999999999011
-0.021867230954830744,249.4999999999901
0.0007933807138233023,249.5999999999901
0.09202194653630383,249.6999999999901
-0.06573412483598653,249.7999999999901
0.18474121859287748,249.8999999999901
-0.1023852504431764,249.99999999999008
0.599459446909711,250.09999999999008
0.18084038957296628,250.19999999999007
0.35350937716949693,250.29999999999006
-0.02719520219594404,250.39999999999006
0.31570824379812895,250.49999999999005
-0.4511124481883094,250.59999999999005
-0.09575174487364815,250.69999999999004
0.42136756037336465,250.79999999999004
0.39758212718671226,250.89999999999003
0.7805616591923333,250.99999999999002
0.3205760211540411,251.09999999999002
0.4673295619440134,251.19999999999
0.08348431917154775,251.29999999999
-0.025019744338857175,251.39999999999
0.4518433120150456,251.49999999999
0.5728952375248701,251.59999999999
0.5623578415591342,251.69999999998998
-0.22513882451032421,251.79999999998998
0.30967385418816784,251.89999999998997
-0.4448085203559452,251.99999999998997
0.6661330389636603,252.09999999998996
0.2957689411237955,252.19999999998996
0.034527910983438034,252.29999999998995
0.293696047703806,252.39999999998994
0.3625758185030069,252.49999999998994
0.06704423361184171,252.59999999998993
-0.2927987980714156,252.69999999998993
0.12662429826697505,252.79999999998992
-0.3090057308285489,252.89999999998992
0.41897972166880637,252.9999999999899
0.06257956939253376,253.0999999999899
0.2537167413646129,253.1999999999899
0.2903962755488625,253.2999999999899
0.10253278680907353,253.3999999999899
0.3149608569509044,253.49999999998988
-0.6529760213798972,253.59999999998988
-0.04512839576278299,253.69999999998987
-0.7005990620608566,253.79999999998986
-0.06195176099027938,253.89999999998986
-0.10195557013038975,253.99999999998985
0.32253116538970683,254.09999999998985
0.22517211544734467,254.19999999998984
0.3453595822839792,254.29999999998984
0.1634976024585798,254.39999999998983
0.19833103186357684,254.49999999998983
0.27288378628199333,254.59999999998982
-0.2366060473771419,254.6999999999898
0.2522084653631151,254.7999999999898
0.5456487184106401,254.8999999999898
0.404214207573353,254.9999999999898
-0.29886970444700056,255.0999999999898
-0.07111170178393447,255.19999999998979
-0.4552124658972475,255.29999999998978
0.42419847599915717,255.39999999998977
0.4029926942809806,255.49999999998977
0.5401583105200607,255.59999999998976
0.15478683617799316,255.69999999998976
0.6279322309039054,255.79999999998975
-0.08909449288849128,255.89999999998975
0.06064846603502501,255.99999999998974
-0.3631670915671771,256.09999999998973
0.14683249553156336,256.19999999998976
0.5023647665901158,256.2999999999898
0.02440428981609094,256.3999999999898
0.07043576631177567,256.4999999999898
-0.24618004903289095,256.59999999998985
0.2500758433803294,256.69999999998987
0.0640020477140926,256.7999999999899
0.04810303145824772,256.8999999999899
-0.0952502030117453,256.99999999998994
0.04752923198980164,257.09999999998996
0.6158359365851438,257.19999999999
-0.2353484696740267,257.29999999999
0.23479175872441552,257.39999999999003
-0.13564882345645266,257.49999999999005
0.22045125838813984,257.5999999999901
0.060405331650855154,257.6999999999901
0.469917464043643,257.7999999999901
-0.342100399398117,257.89999999999014
-0.6296821521682527,257.99999999999017
0.07177057797519348,258.0999999999902
0.5792788016152333,258.1999999999902
-0.10736627298808929,258.29999999999023
-0.17787060360795,258.39999999999026
0.18766757187638353,258.4999999999903
0.33610444518742655,258.5999999999903
-0.1610233101580574,258.6999999999903
0.3709562368825,258.79999999999035
0.09684416412517004,258.89999999999037
0.1179923595268432,258.9999999999904
-0.4136927365045251,259.0999999999904
0.5466588993015143,259.19999999999044
0.4573243484080427,259.29999999999046
-0.2214563380470612,259.3999999999905
0.3268398349155031,259.4999999999905
0.3551806332591847,259.59999999999053
0.2468977799955935,259.69999999999055
0.1153452729028931,259.7999999999906
0.3660088292125564,259.8999999999906
0.132255410574511,259.9999999999906
0.054183876228235034,260.09999999999064
0.21047406899085813,260.19999999999067
0.030340605292033154,260.2999999999907
0.26880637641925265,260.3999999999907
0.6595831040493499,260.49999999999073
0.283307164969887,260.59999999999076
0.10325806261735403,260.6999999999908
0.32118130117749066,260.7999999999908
0.16969390745667637,260.8999999999908
0.16767430569939268,260.99999999999085
-0.08709089395359079,261.09999999999087
-0.041988601321977126,261.1999999999909
-0.11345317802418553,261.2999999999909
0.6456660866633394,261.39999999999094
0.04333918502348202,261.49999999999096
0.22203466794606674,261.599999999991
0.06159359219846679,261.699999999991
0.3670402887823896,261.79999999999103
0.25083524070642527,261.89999999999105
0.34855164765833935,261.9999999999911
-0.017270844160180848,262.0999999999911
-0.044252914846316105,262.1999999999911
-0.3258724624999373,262.29999999999114
-0.5416263167750967,262.39999999999117
-0.2174727508282666,262.4999999999912
-0.33467081345533234,262.5999999999912
-0.0022345525766191005,262.69999999999123
0.15405941438337042,262.79999999999126
-0.11102146960995943,262.8999999999913
-0.06234934459712724,262.9999999999913
-0.03927973046825753,263.0999999999913
0.22300466967740412,263.19999999999135
0.5269705559637956,263.29999999999137
-0.2995877329177836,263.3999999999914
-0.11870271472034571,263.4999999999914
0.48020975222820517,263.59999999999144
0.35062914755957786,263.69999999999146
0.44623785116757264,263.7999999999915
0.4065627170893844,263.8999999999915
0.484130095875165,263.99999999999153
0.14928351109384222,264.09999999999155
-0.22521836827237354,264.1999999999916
-0.07955691504482856,264.2999999999916
0.46694461049276725,264.3999999999916
0.6841387876446681,264.49999999999164
-0.06174388765997518,264.59999999999167
0.15463736721139987,264.6999999999917
0.07000680800816467,264.7999999999917
0.5194543768736797,264.89999999999173
-0.4032623470904274,264.99999999999176
0.8189300056110894,265.0999999999918
-0.06996877991435935,265.1999999999918
0.02200162860963127,265.2999999999918
0.12551877200622216,265.39999999999185
-0.39957039043323916,265.49999999999187
-0.05528737832442435,265.5999999999919
-0.20044138770405853,265.6999999999919
-0.004836861524572758,265.79999999999194
0.06366825060167322,265.89999999999196
-0.25638659740534286,265.999999999992
-0.032190156666464936,266.099999999992
-0.15151447506994684,266.19999999999203
-0.8089449756059183,266.29999999999205
0.29338433289251953,266.3999999999921
0.3869194043432841,266.4999999999921
0.26387859120447354,266.5999999999921
-0.11002959184314384,266.69999999999214
0.6069429631060848,266.79999999999217
0.14437477165947027,266.8999999999922
0.3063980275193588,266.9999999999922
0.057568866324650435,267.09999999999224
0.25586999309522696,267.19999999999226
0.20867378119597807,267.2999999999923
-0.14900526853688498,267.3999999999923
-0.4034134533157051,267.4999999999923
-0.44633331990878267,267.59999999999235
0.3478930490204982,267.6999999999924
0.3635238643812472,267.7999999999924
0.35055474552783117,267.8999999999924
-0.051403871153179626,267.99999999999244
0.04796636272970306,268.09999999999246
0.38522514231450666,268.1999999999925
-0.7205219964352224,268.2999999999925
0.3047070580233141,268.39999999999253
0.13197944200597836,268.49999999999255
0.1388277206546128,268.5999999999926
0.30737093794967885,268.6999999999926
0.21310929579723203,268.7999999999926
-0.2736387075844683,268.89999999999264
-0.25417617945490323,268.99999999999267
0.5117580762677971,269.0999999999927
-0.3964396096873336,269.1999999999927
0.33867823126610086,269.29999999999274
-0.08215257728294292,269.39999999999276
0.024853281039520253,269.4999999999928
0.42799647113884165,269.5999999999928
0.3123212243416563,269.6999999999928
-0.4169173663889756,269.79999999999285
-0.02329384562549429,269.8999999999929
0.32835430855753456,269.9999999999929
0.10922607064275099,270.0999999999929
-0.29289573939824376,270.19999999999294
0.2933130289626844,270.29999999999296
-0.03142953681043084,270.399999999993
-0.060492598534570535,270.499999999993
-0.18357999982750964,270.59999999999303
0.2797796161488319,270.69999999999305
-0.40289421850686136,270.7999999999931
-0.20497256096779934,270.8999999999931
-0.4680882578428336,270.9999999999931
0.5208560331566873,271.09999999999314
-0.32375016981149385,271.19999999999317
0.10407748965052535,271.2999999999932
-0.5476853506203798,271.3999999999932
0.15050346869582373,271.49999999999324
0.5989197965209965,271.59999999999326
-0.623838815217125,271.6999999999933
0.21323115769316348,271.7999999999933
-0.06053317253694629,271.8999999999933
0.23887901308784928,271.99999999999335
0.7097585093273922,272.0999999999934
0.11784680084576693,272.1999999999934
-0.6595035051551555,272.2999999999934
0.25118103135119757,272.39999999999344
0.06054690286617614,272.49999999999346
-0.30694663388688315,272.5999999999935
0.2658666249114414,272.6999999999935
0.4594088792873414,272.79999999999353
-0.14573877628019777,272.89999999999355
-0.19923281021990144,272.9999999999936
-0.29273066717526275,273.0999999999936
-0.2056894765130002,273.1999999999936
0.1757507515622582,273.29999999999364
-0.3019610434933968,273.39999999999367
0.053321590235069584,273.4999999999937
-0.15168597568423872,273.5999999999937
-0.636302533138788,273.69999999999374
0.40482796819172784,273.79999999999376
-0.35608081982494477,273.8999999999938
-0.39023249917535585,273.9999999999938
-0.2430504951971251,274.0999999999938
-0.27010186632653643,274.19999999999385
-0.0597209273761142,274.2999999999939
0.19779181990076738,274.3999999999939
0.008747165339225177,274.4999999999939
0.47010663851933043,274.59999999999394
0.16254959056475954,274.69999999999396
0.3998042077986744,274.799999999994
-0.4634454244724485,274.899999999994
0.14616268907704802,274.99999999999403
0.1835811880222193,275.09999999999405
0.40568436111121664,275.1999999999941
-0.30632369719254826,275.2999999999941
0.06573442950117862,275.3999999999941
0.2029168386940715,275.49999999999415
-0.4565751402650494,275.59999999999417
0.09069324309630779,275.6999999999942
0.01823310027384055,275.7999999999942
0.7525872103048222,275.89999999999424
0.3254225054791746,275.99999999999426
0.20692837611768805,276.0999999999943
-0.13584642290210033,276.1999999999943
0.05918966057304618,276.2999999999943
0.15258729187181272,276.39999999999435
0.02320162152781248,276.4999999999944
0.26777535546646136,276.5999999999944
-0.3386347106461367,276.6999999999944
0.16231063829157777,276.79999999999444
-0.815979761669242,276.89999999999446
0.5087805607960265,276.9999999999945
-0.05849430986830276,277.0999999999945
-0.17084257915432813,277.19999999999453
0.40072906930498275,277.29999999999455
0.18557818924520433,277.3999999999946
-0.29149843461017133,277.4999999999946
-0.25322827820908345,277.5999999999946
0.05784297154572743,277.69999999999465
-0.4764891347210497,277.79999999999467
0.299078988486936,277.8999999999947
0.009991104288563535,277.9999999999947
-0.11191704027622587,278.09999999999474
-0.2261980695252677,278.19999999999476
0.18163655133612994,278.2999999999948
0.0550784607377344,278.3999999999948
-0.2593181417313185,278.4999999999948
0.12774112701578755,278.59999999999485
-0.20801568223077546,278.6999999999949
0.10824422851409862,278.7999999999949
0.11685789329230582,278.8999999999949
-0.22359487362015026,278.99999999999494
-0.011949312073071525,279.09999999999496
-0.5287547292302797,279.199999999995
-0.0246826194045337,279.299999999995
0.247118710981634,279.39999999999503
-0.13989041642629382,279.49999999999505
-0.6791325452038048,279.5999999999951
-0.4520048164281506,279.6999999999951
0.42848543963587726,279.7999999999951
0.4047993419505461,279.89999999999515
0.22546770331335378,279.99999999999517
0.2966191814284441,280.0999999999952
-0.2105191190933968,280.1999999999952
0.21663274934292895,280.29999999999524
-0.4122582238883107,280.39999999999526
0.8533927675204449,280.4999999999953
0.192098563374943,280.5999999999953
-0.27265228013438636,280.6999999999953
0.32672996074677,280.79999999999535
-0.14335447290584433,280.8999999999954
0.1069579020762885,280.9999999999954
0.1375762565959799,281.0999999999954
0.16936925849412177,281.19999999999544
-0.05570470543423317,281.29999999999546
0.10788917063345209,281.3999999999955
-1.0191875401251311,281.4999999999955
0.0005721365771452491,281.59999999999553
0.4321636685890563,281.69999999999555
0.08723344691467813,281.7999999999956
-0.2243547687645985,281.8999999999956
0.4253267005673813,281.9999999999956
0.6900165676066846,282.09999999999565
-0.07205787614404857,282.19999999999567
0.058347836078997385,282.2999999999957
-0.13468412015139342,282.3999999999957
0.27425679472033226,282.49999999999574
-0.08602509608552084,282.59999999999576
-0.39233595881466965,282.6999999999958
-0.018721091111907756,282.7999999999958
-0.13536030579959485,282.8999999999958
-0.12929162065983216,282.99999999999585
0.09004126792631784,283.0999999999959
0.10033906811250938,283.1999999999959
-0.10603399332274666,283.2999999999959
0.09244751499990342,283.39999999999594
0.19787268408348763,283.49999999999596
0.18355881145146402,283.599999999996
0.4487542126256887,283.699999999996
0.10354121837773005,283.79999999999603
0.7978976864975424,283.89999999999606
0.10268407673520921,283.9999999999961
-0.0013486933644174526,284.0999999999961
0.2350296860814333,284.1999999999961
-0.02141189490898411,284.29999999999615
0.02201868715116606,284.39999999999617
-0.2826403129076732,284.4999999999962
0.4332086828213102,284.5999999999962
-0.06523209389629428,284.69999999999624
0.7391572018224353,284.79999999999626
0.37041862450578766,284.8999999999963
0.13106770177645044,284.9999999999963
0.14023346219971353,285.0999999999963
0.6388107280023534,285.19999999999635
0.09902982936734683,285.2999999999964
0.37778085272231265,285.3999999999964
0.1610069604780016,285.4999999999964
0.2844663185960768,285.59999999999644
0.27864580936269157,285.69999999999646
0.28532088011597956,285.7999999999965
0.15028307582218345,285.8999999999965
0.014271423225748883,285.99999999999653
0.1986799373777013,286.09999999999656
-0.5989679454313793,286.1999999999966
0.12419677668421591,286.2999999999966
0.27906119527533224,286.3999999999966
0.24178923708262123,286.49999999999665
-0.18483700299359315,286.59999999999667
-0.0031865702713539112,286.6999999999967
0.35760783537793617,286.7999999999967
-0.2704723533561122,286.89999999999674
-0.17365436451543073,286.99999999999676
0.45257016405642647,287.0999999999968
-0.10534204153312618,287.1999999999968
0.03385914064591071,287.2999999999968
-0.2082185461671899,287.39999999999685
0.17356021340082622,287.4999999999969
0.18407155700824368,287.5999999999969
-0.21072171609582993,287.6999999999969
0.18241027674321925,287.79999999999694
0.13423307005623386,287.89999999999696
0.56039690547598,287.999999999997
-0.0992059202479286,288.099999999997
0.3184874113972353,288.19999999999703
0.3266976976913516,288.29999999999706
0.04765610140829469,288.3999999999971
0.033778684512461896,288.4999999999971
0.23825218134760157,288.5999999999971
-0.26771411201363104,288.69999999999715
0.34032606412395894,288.79999999999717
0.4396126255962416,288.8999999999972
-0.1663797920462781,288.9999999999972
-0.2600625091267701,289.09999999999724
-0.25852440433978496,289.19999999999726
0.9658591901426988,289.2999999999973
-0.18708894973787035,289.3999999999973
-0.14089099741206768,289.4999999999973
-0.19137034983584258,289.59999999999735
-0.6433439333722902,289.6999999999974
0.4334241268493171,289.7999999999974
0.006223408702790673,289.8999999999974
0.02678548336053689,289.99999999999744
0.4810914475562764,290.09999999999746
0.22920333362666429,290.1999999999975
0.1819179579969865,290.2999999999975
0.41164685931518685,290.39999999999753
-0.32088686968592317,290.49999999999756
0.13195211173040028,290.5999999999976
0.25241778460156994,290.6999999999976
-0.16911416571467866,290.7999999999976
0.19857823890765003,290.89999999999765
0.007836636511482309,290.99999999999767
-0.1349511371699517,291.0999999999977
0.38751036789199844,291.1999999999977
0.1103966819642463,291.29999999999774
0.3939126539642819,291.39999999999776
-0.08123702712375716,291.4999999999978
0.037431091785355905,291.5999999999978
0.33405562402852584,291.69999999999783
0.15250393543920576,291.79999999999785
0.4838793751866848,291.8999999999979
0.6331835340119247,291.9999999999979
0.355900265798039,292.0999999999979
0.4157045201512688,292.19999999999794
-0.17181871475364321,292.29999999999797
0.8360410839694947,292.399999999998
0.38252558014812443,292.499999999998
0.17922719088501587,292.59999999999803
0.6427550852734171,292.69999999999806
0.7675279110743286,292.7999999999981
0.11728906948248205,292.8999999999981
0.7235763954617698,292.9999999999981
0.15563344597160933,293.09999999999815
0.09071623733695046,293.19999999999817
0.20656975895258778,293.2999999999982
0.08656329243948731,293.3999999999982
-0.3716836888398841,293.49999999999824
-0.40727230711446083,293.59999999999826
-0.29137922212050504,293.6999999999983
-0.35109661215951127,293.7999999999983
-0.04138606675081116,293.89999999999833
0.43709051018156786,293.99999999999835
0.35659537890694526,294.0999999999984
0.10252620204261895,294.1999999999984
0.2407497933093212,294.2999999999984
-0.23083570854940075,294.39999999999844
0.5057293438521224,294.49999999999847
0.056009494148565805,294.5999999999985
0.13124885779707046,294.6999999999985
0.10378714788496175,294.79999999999853
0.08656462727316111,294.89999999999856
-0.04106799474302558,294.9999999999986
0.5558731174772398,295.0999999999986
-0.11228128959323472,295.1999999999986
-0.22250260490652238,295.29999999999865
0.6002500716331013,295.39999999999867
-0.21146065168395037,295.4999999999987
-0.042982485065524184,295.5999999999987
-0.30271729450236173,295.69999999999874
0.13880508611744413,295.79999999999876
0.21455872375041599,295.8999999999988
0.5413815897804105,295.9999999999988
-0.39924067151441234,296.09999999999883
0.03945275577686472,296.19999999999885
-0.36575754347673983,296.2999999999989
0.3698369003462241,296.3999999999989
0.14981575969751962,296.4999999999989
-0.12157861805202846,296.59999999999894
0.7316957810355648,296.69999999999897
0.5227247296771079,296.799999999999
0.2576704665670551,296.899999999999
0.14777912224531053,296.99999999999903
0.16229576082305958,297.09999999999906
-0.37662931101972974,297.1999999999991
-1.0127646965978037,297.2999999999991
0.03759901101107656,297.3999999999991
-0.14867546692677377,297.49999999999915
-0.03960056835047382,297.59999999999917
0.5401480357978359,297.6999999999992
0.07562264184557782,297.7999999999992
0.19706529435022552,297.89999999999924
-0.07560441108664404,297.99999999999926
0.28232007061313713,298.0999999999993
-0.13950169182165142,298.1999999999993
0.24681765167747424,298.29999999999933
0.13226750623454336,298.39999999999935
-0.17166546611101688,298.4999999999994
-0.05619337249070777,298.5999999999994
-0.27749295239925253,298.6999999999994
0.006438096478132357,298.79999999999944
0.48457684752479757,298.89999999999947
0.30996725025244765,298.9999999999995
0.03604330942724106,299.0999999999995
0.20765280957825494,299.19999999999953
0.11212649104204186,299.29999999999956
0.13773149557983058,299.3999999999996
-0.05189299097210873,299.4999999999996
-0.19860828247181403,299.5999999999996
0.19223631413526715,299.69999999999965
0.3165652920074914,299.79999999999967
0.00876615105636476,299.8999999999997
-0.0009066766342389065,299.9999999999997
0.3942562111913076,300.09999999999974
0.2563209620557446,300.19999999999976
0.06272144095405903,300.2999999999998
0.1763797665127639,300.3999999999998
0.012663479892076807,300.49999999999983
-0.0769467381079677,300.59999999999985
0.4509795692992723,300.6999999999999
0.44422450820024617,300.7999999999999
0.18974937893061705,300.8999999999999
0.06605789859019275,300.99999999999994
-0.2316276344190729,301.09999999999997
0.3547387571044275,301.2
0.17445312714875433,301.3
0.23177422092053726,301.40000000000003
-0.27091238953272134,301.50000000000006
0.481762723039747,301.6000000000001
-0.07898743889736065,301.7000000000001
0.2943122625228749,301.8000000000001
-0.20866661491780178,301.90000000000015
-0.138633127737069,302.00000000000017
-0.2673992433185034,302.1000000000002
-0.07608465135452505,302.2000000000002
-0.06675325412383967,302.30000000000024
0.5120097836636323,302.40000000000026
0.42195998906891785,302.5000000000003
0.14372539351312155,302.6000000000003
0.2632009224719591,302.70000000000033
-0.36640712626575633,302.80000000000035
0.41987131187192284,302.9000000000004
-0.17801778248234432,303.0000000000004
0.04944329270450716,303.1000000000004
-0.03142572420768361,303.20000000000044
-0.23960052247915484,303.30000000000047
-0.17041021337931797,303.4000000000005
0.2943030245964169,303.5000000000005
0.1017055184109522,303.60000000000053
-0.5169094282060925,303.70000000000056
-0.08395968509972862,303.8000000000006
0.3154270348883327,303.9000000000006
0.05084362550744055,304.0000000000006
-0.09975917773169987,304.10000000000065
-0.43242745974657737,304.20000000000067
0.4236879794502839,304.3000000000007
0.3425734844742059,304.4000000000007
0.43691152259206,304.50000000000074
-0.2298797657588744,304.60000000000076
0.5100200469262788,304.7000000000008
0.19302953462521533,304.8000000000008
0.24151640328248045,304.90000000000083
0.2653170718986526,305.00000000000085
0.055133430812984836,305.1000000000009
-0.09022127178520215,305.2000000000009
0.2527082451071314,305.3000000000009
0.31741762768052784,305.40000000000094
0.25709645647795765,305.50000000000097
0.10391818381015712,305.600000000001
0.2533279416581714,305.700000000001
0.5717521355706328,305.80000000000103
0.4570274079180364,305.90000000000106
0.1272971687387331,306.0000000000011
0.265277851479361,306.1000000000011
0.2153144653239925,306.2000000000011
0.20920258819557058,306.30000000000115
0.3739664758653495,306.40000000000117
-0.12559160294073865,306.5000000000012
0.7673793566547137,306.6000000000012
0.4652357866322866,306.70000000000124
-0.06113154821137648,306.80000000000126
0.018304706176673263,306.9000000000013
0.08683490799074409,307.0000000000013
0.3249655302775023,307.10000000000133
0.09552339736025596,307.20000000000135
-0.4308243926028342,307.3000000000014
0.593129671822725,307.4000000000014
0.3540651531046868,307.5000000000014
-0.03425433503561734,307.60000000000144
-0.12340079994910849,307.70000000000147
0.4369735820181222,307.8000000000015
0.0347846182536249,307.9000000000015
-0.2575986370863951,308.00000000000153
0.5006472941261167,308.10000000000156
0.4345592017067783,308.2000000000016
0.08518712647514001,308.3000000000016
0.04966324428186775,308.4000000000016
0.3226267428513336,308.50000000000165
0.392353806381196,308.60000000000167
-0.7252920750533401,308.7000000000017
0.11289395659048485,308.8000000000017
0.30183359084590744,308.90000000000174
0.24420410497635794,309.00000000000176
0.14544339319259478,309.1000000000018
0.4350499294929939,309.2000000000018
0.40408507905472424,309.30000000000183
-0.3739275139636207,309.40000000000185
-0.4478198130217217,309.5000000000019
0.5832592984703375,309.6000000000019
0.37374554061868537,309.7000000000019
0.016637361492225874,309.80000000000194
0.2280568031116993,309.90000000000197
0.26196025566070213,310.000000000002
-0.15103401013942105,310.100000000002
0.3748464447443074,310.20000000000203
0.24552409489408683,310.30000000000206
-0.05568014545142114,310.4000000000021
0.36624864885731545,310.5000000000021
0.09658691260630432,310.6000000000021
0.3817595579605263,310.70000000000215
-0.09464546294980092,310.80000000000217
0.06860748728787902,310.9000000000022
0.22160871629145007,311.0000000000022
0.04068281104535513,311.10000000000224
0.09295272779687506,311.20000000000226
-0.1727953524233923,311.3000000000023
-0.2244275451584525,311.4000000000023
0.24288403816327672,311.50000000000233
-0.24883078391910038,311.60000000000235
-0.2897117645337589,311.7000000000024
-0.13603135898154248,311.8000000000024
0.9444919951502779,311.9000000000024
0.07827676534226541,312.00000000000244
0.5910050967479432,312.10000000000247
-0.021311045080845664,312.2000000000025
-0.24517731213660968,312.3000000000025
-0.3613886184940277,312.40000000000254
0.5022179290462937,312.50000000000256
0.13859372394415898,312.6000000000026
0.5730105552874848,312.7000000000026
0.19378248971919687,312.8000000000026
0.5690019639454428,312.90000000000265
-0.005964291202827418,313.0000000000027
0.33804107140339745,313.1000000000027
-0.021814459317963372,313.2000000000027
0.5499164649610442,313.30000000000274
-0.08346604929196369,313.40000000000276
-0.18517032048060864,313.5000000000028
0.3587029308055347,313.6000000000028
-0.393883510586709,313.70000000000283
0.3305557783992854,313.80000000000285
-0.2753543853760434,313.9000000000029
0.10037686666744523,314.0000000000029
0.43612840257324537,314.1000000000029
0.06948963610555069,314.20000000000294
-0.6515096017975999,314.30000000000297
0.1957230167828402,314.400000000003
0.43284615496358536,314.500000000003
0.8193194425636545,314.60000000000304
0.3476600398032853,314.70000000000306
-0.18685596919357586,314.8000000000031
-0.20294963087240717,314.9000000000031
0.31314765220090024,315.0000000000031
0.2749812778406787,315.10000000000315
-0.37223480435547307,315.2000000000032
0.06630296926293186,315.3000000000032
-0.2634425627643594,315.4000000000032
-0.03042238785626744,315.50000000000324
0.23757501181825416,315.60000000000326
0.7550316433181506,315.7000000000033
-0.22738493677046076,315.8000000000033
-0.2933398508590962,315.90000000000333
0.15972065650898826,316.00000000000335
0.6826395134833472,316.1000000000034
-0.018688585909962585,316.2000000000034
-0.6470319888169913,316.3000000000034
0.6470936951356024,316.40000000000344
0.21027421408480365,316.50000000000347
0.5653244534245083,316.6000000000035
-0.015475412873323019,316.7000000000035
0.11526974300281874,316.80000000000354
-0.47481553559277523,316.90000000000356
0.6802644727665759,317.0000000000036
0.11164122027895873,317.1000000000036
0.5108545248561464,317.2000000000036
0.13998944728929166,317.30000000000365
0.5387641033294078,317.4000000000037
-0.315799791798988,317.5000000000037
-0.29128060399002764,317.6000000000037
-0.11501554329185926,317.70000000000374
0.09417661482583489,317.80000000000376
-0.28838417814281625,317.9000000000038
0.4768328020066984,318.0000000000038
-0.21576724811943834,318.10000000000383
-0.20117220687292867,318.20000000000385
0.07212093380953995,318.3000000000039
0.12040012253551484,318.4000000000039
-0.11276944039378684,318.5000000000039
0.32020688323347507,318.60000000000394
0.291623790574979,318.70000000000397
-0.045334111477534245,318.800000000004
-0.2376290424730171,318.900000000004
0.6739642841132183,319.00000000000404
-0.3201654455569565,319.10000000000406
0.24113566394440683,319.2000000000041
0.24549841913205311,319.3000000000041
0.4776539960823608,319.4000000000041
0.09052618647263538,319.50000000000415
0.1944347041139678,319.6000000000042
-0.22200981442827658,319.7000000000042
0.6606663983557086,319.8000000000042
-0.5110741930653941,319.90000000000424
-0.533517954713148,320.00000000000426
-0.3663668166845341,320.1000000000043
-0.09788583442274154,320.2000000000043
0.5375287534193787,320.30000000000433
0.1903491059709304,320.40000000000435
-0.16615348604178173,320.5000000000044
0.0480990165503856,320.6000000000044
-0.071298971598737,320.7000000000044
0.6024545657395017,320.80000000000445
-0.21450828737857894,320.90000000000447
0.03914274772946653,321.0000000000045
0.5477215402868811,321.1000000000045
-0.16585812614731946,321.20000000000454
0.49779469900579887,321.30000000000456
0.46610784255595616,321.4000000000046
0.1687534090011012,321.5000000000046
0.2178897715620045,321.6000000000046
0.19812670846064498,321.70000000000465
-0.06257737282721351,321.8000000000047
0.8108915675798806,321.9000000000047
0.15582039407552645,322.0000000000047
0.14985152049776157,322.10000000000474
0.02586697807256179,322.20000000000476
-0.11708382372048509,322.3000000000048
0.33785726750721934,322.4000000000048
0.21995296055558133,322.50000000000483
-0.09582397223424521,322.60000000000485
0.49338772108511375,322.7000000000049
0.3334537732524233,322.8000000000049
0.08808382026594391,322.9000000000049
-0.14165914451458242,323.00000000000495
0.43176931395908,323.10000000000497
0.05612005968706949,323.200000000005
0.1263764096012738,323.300000000005
-0.13008379119865285,323.40000000000504
0.10004410724222833,323.50000000000506
0.2805913844667264,323.6000000000051
0.7883644283294584,323.7000000000051
0.6058028207199462,323.8000000000051
0.660057893762343,323.90000000000515
-0.34772472379584984,324.0000000000052
0.5229336839180323,324.1000000000052
-0.28982123992610853,324.2000000000052
0.46504018846616246,324.30000000000524
0.8940461508168729,324.40000000000526
0.2507349974410562,324.5000000000053
0.3631001439055943,324.6000000000053
0.396455419973896,324.70000000000533
-0.8006342600465145,324.80000000000535
0.5094309836604132,324.9000000000054
-0.26176021160057417,325.0000000000054
0.24043386554199064,325.1000000000054
-0.080636119364424,325.20000000000545
-0.011405523523313754,325.30000000000547
0.46625835896568324,325.4000000000055
-0.12493977229886263,325.5000000000055
0.12349621231496341,325.60000000000554
0.1722358897483191,325.70000000000556
-0.0824749171575079,325.8000000000056
0.7626268529136864,325.9000000000056
0.40060235493326035,326.0000000000056
0.4197388224468487,326.10000000000565
0.6784845740800795,326.2000000000057
0.08127317183051695,326.3000000000057
-0.12480885062012873,326.4000000000057
0.5061569028213443,326.50000000000574
0.32877406409554377,326.60000000000576
0.2730680708459737,326.7000000000058
-0.4566795973702824,326.8000000000058
-0.3225958494171828,326.90000000000583
-0.0432944847792838,327.00000000000585
0.16539492795852834,327.1000000000059
0.10265107895946696,327.2000000000059
0.22890511467904853,327.3000000000059
0.23276851523911077,327.40000000000595
-0.051632099502849776,327.50000000000597
0.45207597718412573,327.600000000006
0.254451515025472,327.700000000006
0.2082876353034928,327.80000000000604
-0.08034137468674063,327.90000000000606
0.13783545848388867,328.0000000000061
0.5985126965944927,328.1000000000061
0.3644038375020482,328.2000000000061
0.3156036285301671,328.30000000000615
0.34614525335179247,328.4000000000062
-0.11361297590513428,328.5000000000062
0.6183878478657661,328.6000000000062
0.6792058356119173,328.70000000000624
0.924305497360304,328.80000000000626
0.09575099730240333,328.9000000000063
0.39186818713510174,329.0000000000063
0.5867224811639564,329.10000000000633
-0.2102284933166805,329.20000000000636
0.11552873739512762,329.3000000000064
-0.1785221091565706,329.4000000000064
0.0026399854835171127,329.5000000000064
0.221515208976372,329.60000000000645
0.09943939524631559,329.70000000000647
0.17706187052498878,329.8000000000065
-0.30326136620412336,329.9000000000065
-0.26559057050990287,330.00000000000654
0.21946265603692544,330.10000000000656
0.11282118504728537,330.2000000000066
-0.2344580868631375,330.3000000000066
-0.024836145165309825,330.4000000000066
-0.10712160888548897,330.50000000000665
0.09633333609785692,330.6000000000067
0.24805789108982448,330.7000000000067
0.25834922469233546,330.8000000000067
-0.7430460563540118,330.90000000000674
-0.01365616692711634,331.00000000000676
0.04440330283398006,331.1000000000068
-0.32942193195556946,331.2000000000068
0.04732480459519135,331.30000000000683
-0.19341094387916477,331.40000000000686
-0.22598149509039397,331.5000000000069
-0.17374735083481527,331.6000000000069
-0.34004622736634604,331.7000000000069
0.325568695343923,331.80000000000695
0.23659397574539828,331.90000000000697
-0.49113190254149486,332.000000000007
0.13063045845974644,332.100000000007
-0.2895914324168697,332.20000000000704
0.08495979803516311,332.30000000000706
-0.3923840457219899,332.4000000000071
0.1907890292951092,332.5000000000071
0.4795148954849495,332.6000000000071
0.7116109454261749,332.70000000000715
0.8143730907159291,332.8000000000072
0.06644155618644593,332.9000000000072
0.19442800225842377,333.0000000000072
0.4251279341322737,333.10000000000724
0.038697525434110466,333.20000000000726
0.14926596760574504,333.3000000000073
0.5420993165398748,333.4000000000073
0.2686734042560608,333.50000000000733
-0.2593987205804984,333.60000000000736
0.0704304263414326,333.7000000000074
-0.13441172579094737,333.8000000000074
0.210433689727358,333.9000000000074
-0.11099437612004215,334.00000000000745
0.7714298498423059,334.10000000000747
0.2807257562550113,334.2000000000075
0.031493466643917806,334.3000000000075
-0.12494116227413929,334.40000000000754
0.48395592382747765,334.50000000000756
-0.2328355119258426,334.6000000000076
-0.1656261670725455,334.7000000000076
-0.08793822614944918,334.8000000000076
0.2137516141996163,334.90000000000765
-0.6749781017720464,335.0000000000077
0.5543634461932725,335.1000000000077
-0.11334019791844302,335.2000000000077
0.039547309154218835,335.30000000000774
-0.16097575770096142,335.40000000000776
0.1681861505154736,335.5000000000078
0.33008647436773453,335.6000000000078
0.2410483356427309,335.70000000000783
0.47458024040546276,335.80000000000786
0.58264613747736,335.9000000000079
-0.14277379248994207,336.0000000000079
-0.08748804825481984,336.1000000000079
0.2193152896114321,336.20000000000795
0.6139080165529985,336.30000000000797
0.03924305860603629,336.400000000008
0.13638426471436166,336.500000000008
0.31464981068390274,336.60000000000804
0.18402869285122342,336.70000000000806
-0.37771908054053716,336.8000000000081
0.3095095961722051,336.9000000000081
0.13994613085789917,337.00000000000813
0.4035886344219658,337.10000000000815
0.11124889289786864,337.2000000000082
-0.03708667854104111,337.3000000000082
-0.5039706093631209,337.4000000000082
0.6323010946506248,337.50000000000824
0.6887232874220972,337.60000000000827
0.5153888511222573,337.7000000000083
0.3548137228684157,337.8000000000083
-0.00990993723802007,337.90000000000833
0.3622741517208734,338.00000000000836
-0.3744437355833773,338.1000000000084
0.49457831432896127,338.2000000000084
0.5210999572552555,338.3000000000084
0.4393479586651763,338.40000000000845
-0.3080405598243878,338.50000000000847
-0.15345732171065038,338.6000000000085
-0.2471285952884497,338.7000000000085
-0.27978819849279535,338.80000000000854
-0.0374623439376266,338.90000000000856
0.1262993448472083,339.0000000000086
0.860007623579315,339.1000000000086
-0.021555129399989326,339.20000000000863
0.2559588644626589,339.30000000000865
-0.4287850775710651,339.4000000000087
-0.2873108521125112,339.5000000000087
0.10329215119557943,339.6000000000087
0.7243028034567347,339.70000000000874
-0.2073527266750189,339.80000000000877
0.21453129335065507,339.9000000000088
0.240770748441244,340.0000000000088
0.03163892773506169,340.10000000000883
0.20411560048266672,340.20000000000886
-0.12033664857305537,340.3000000000089
-0.24595052833275474,340.4000000000089
-0.39883920062915157,340.5000000000089
-0.1700395016168653,340.60000000000895
0.6715745866094248,340.70000000000897
0.15624100521522677,340.800000000009
0.4283355506925276,340.900000000009
0.0961131585228578,341.00000000000904
0.7062759332427916,341.10000000000906
0.01844012992630746,341.2000000000091
-0.17592994367999135,341.3000000000091
0.5847310343466905,341.40000000000913
0.2749727882678159,341.50000000000915
0.08696294675320092,341.6000000000092
-0.49335486357851777,341.7000000000092
0.2621467391035053,341.8000000000092
-0.1842493403651376,341.90000000000924
0.47878749134404097,342.00000000000927
0.04973441040751353,342.1000000000093
-0.07749872826240298,342.2000000000093
0.3005002050584717,342.30000000000933
0.25571891936572055,342.40000000000936
0.6667585235875361,342.5000000000094
0.5414034610774281,342.6000000000094
0.04017749478861921,342.7000000000094
0.21812649847079554,342.80000000000945
-0.10088985431101227,342.90000000000947
0.4643080366878075,343.0000000000095
-0.09228631607926824,343.1000000000095
0.2461708884006996,343.20000000000954
-0.08246345767224214,343.30000000000956
0.16585958683206498,343.4000000000096
0.6384799917042585,343.5000000000096
0.5694996593294331,343.60000000000963
-0.5730878068050375,343.70000000000965
0.22773929058425144,343.8000000000097
0.7869848160431056,343.9000000000097
0.013115354024644074,344.0000000000097
0.24703426345236967,344.10000000000974
-0.1962373086522974,344.20000000000977
-0.34367945927168797,344.3000000000098
-0.16215853242833364,344.4000000000098
0.12402844174892765,344.50000000000983
-0.0635123058906854,344.60000000000986
0.2710950990873784,344.7000000000099
-0.1271827863461805,344.8000000000099
0.33515823590873806,344.9000000000099
0.7043363119323353,345.00000000000995
-0.07079694129474501,345.10000000000997
0.10402959079442277,345.20000000001
-0.49978796865482755,345.30000000001
0.1708149503693105,345.40000000001004
0.6631623046383434,345.50000000001006
0.3328113122302013,345.6000000000101
0.10706829849232521,345.7000000000101
-0.378034704186649,345.80000000001013
-0.31366921828822636,345.90000000001015
-0.21458524475369298,346.0000000000102
0.09247146099851969,346.1000000000102
0.0978667783696615,346.2000000000102
-0.35040076861334835,346.30000000001024
0.31155497046568825,346.40000000001027
-0.13864329218260749,346.5000000000103
-0.2984964457322836,346.6000000000103
0.04428815854378067,346.70000000001033
0.17920949087159993,346.80000000001036
0.06019605775451985,346.9000000000104
-0.11846794991121015,347.0000000000104
0.24298197648872136,347.1000000000104
0.5237530414461833,347.20000000001045
0.30970341889511654,347.30000000001047
0.6662232935841466,347.4000000000105
0.32629764447309234,347.5000000000105
0.17436409335084593,347.60000000001054
-0.16375744006739015,347.70000000001056
-0.32981466613541754,347.8000000000106
0.1810756368881823,347.9000000000106
0.3187356850102657,348.00000000001063
0.10175937080643277,348.10000000001065
0.7270451274733207,348.2000000000107
0.11937034560958881,348.3000000000107
-0.025081686726186436,348.4000000000107
-0.44376934783083744,348.50000000001074
-0.005073970058997471,348.60000000001077
0.10518665027538172,348.7000000000108
0.5756006131187078,348.8000000000108
0.328536730638774,348.90000000001083
0.41798321177457953,349.00000000001086
0.1740036701027648,349.1000000000109
4.936922392717591e-05,349.2000000000109
0.14474484264839182,349.3000000000109
0.22786698091997348,349.40000000001095
-0.26537300525092433,349.50000000001097
0.6838226046913052,349.600000000011
-0.09239215378151525,349.700000000011
0.5631286631618834,349.80000000001104
-0.20959014713144689,349.90000000001106
-0.42979030634534665,350.0000000000111
0.17901628254024676,350.1000000000111
0.04023583750766126,350.20000000001113
0.3231340570904485,350.30000000001115
0.0647666120521693,350.4000000000112
0.701596598043239,350.5000000000112
0.4583754794409983,350.6000000000112
0.1578082118519477,350.70000000001124
-0.14106094651678955,350.80000000001127
-0.39040131267406186,350.9000000000113
-0.14673303656437553,351.0000000000113
-0.1457662180280382,351.10000000001133
-0.13573401178361474,351.20000000001136
-0.09497234518069192,351.3000000000114
0.2911329743196378,351.4000000000114
-0.05768730192752275,351.5000000000114
0.015498349586434243,351.60000000001145
-0.23057708649892902,351.70000000001147
0.33542181345701005,351.8000000000115
0.5176433036377085,351.9000000000115
0.04299470215730983,352.00000000001154
0.45829254141384235,352.10000000001156
-0.014733503223178582,352.2000000000116
0.5349374839728748,352.3000000000116
0.5443290170127439,352.40000000001163
0.08638400944280325,352.50000000001165
-0.013536886857833177,352.6000000000117
0.16273331116847062,352.7000000000117
-0.1911535482264514,352.8000000000117
0.17796755698451566,352.90000000001174
0.5855145181892815,353.00000000001177
-0.2744327120000648,353.1000000000118
-0.10455058461976016,353.2000000000118
0.14509985227170943,353.30000000001183
-0.08581656111841601,353.40000000001186
0.12298284993274364,353.5000000000119
-0.023689645910273213,353.6000000000119
-0.2939882363233921,353.7000000000119
-0.2429396251220379,353.80000000001195
0.24383569279772466,353.90000000001197
0.10504903252955299,354.000000000012
-0.4076788205304457,354.100000000012
0.4182996162779177,354.20000000001204
0.4808897506228562,354.30000000001206
-0.19511760436602651,354.4000000000121
-0.4214745867536781,354.5000000000121
0.13523597653249955,354.60000000001213
0.11173529486524184,354.70000000001215
-0.4433348465267807,354.8000000000122
0.021224675761671516,354.9000000000122
-0.3502112450355659,355.0000000000122
-0.01953972431872715,355.10000000001224
-0.2544654957563457,355.20000000001227
0.19046713936705534,355.3000000000123
0.2701965442924576,355.4000000000123
0.5617565548893813,355.50000000001234
-0.43878684694493364,355.60000000001236
0.09059526623049691,355.7000000000124
-0.27463958685479806,355.8000000000124
0.3471222397336575,355.9000000000124
0.2803510670577149,356.00000000001245
-0.21655186756527164,356.10000000001247
0.43788345486883506,356.2000000000125
-0.5876196153365963,356.3000000000125
0.11921408884150575,356.40000000001254
-0.4308764461556528,356.50000000001256
0.2120672263137604,356.6000000000126
-0.12113071882426321,356.7000000000126
0.026628428183073635,356.80000000001263
0.04294083974885986,356.90000000001265
0.21496841681101353,357.0000000000127
0.007288836928170242,357.1000000000127
-0.3676189676501789,357.2000000000127
0.3455633158346524,357.30000000001274
-0.49896535159911715,357.40000000001277
0.18998374258119083,357.5000000000128
0.061640801081615515,357.6000000000128
0.04821111581546179,357.70000000001284
0.13839727754204817,357.80000000001286
-0.13075746944462202,357.9000000000129
-0.46294536536379616,358.0000000000129
-0.6941822086281545,358.1000000000129
-0.1680648616737301,358.20000000001295
-0.2700124968828579,358.300000000013
0.16755405797139516,358.400000000013
0.22694392499464638,358.500000000013
0.12281416164395355,358.60000000001304
0.2806756678859438,358.70000000001306
0.2671057092405704,358.8000000000131
0.05227123649219551,358.9000000000131
-0.2801848670735265,359.00000000001313
0.21034337987372898,359.10000000001315
0.4108296160427254,359.2000000000132
0.11328674446551562,359.3000000000132
-0.09449656470885714,359.4000000000132
-0.1339737199189506,359.50000000001324
-0.10764470274204463,359.60000000001327
-0.19965650007955546,359.7000000000133
0.0034472933700028796,359.8000000000133
0.053167240181475645,359.90000000001334
0.6501666517812907,360.00000000001336
-0.045938163340103644,360.1000000000134
0.12204931768562284,360.2000000000134
-0.2989808505470074,360.3000000000134
0.15261724204033425,360.40000000001345
-0.08483533264785625,360.5000000000135
-0.19214592385963916,360.6000000000135
-0.18105144755766164,360.7000000000135
0.09686138689911807,360.80000000001354
-0.4111011070735373,360.90000000001356
0.46478446424924924,361.0000000000136
-0.3429846088259385,361.1000000000136
-0.04517031964647064,361.20000000001363
0.36483966968820625,361.30000000001365
0.4883548841510337,361.4000000000137
0.1879540130008806,361.5000000000137
0.10237639041072284,361.6000000000137
0.1846618953074449,361.70000000001374
0.4704754437467178,361.80000000001377
0.35074088479303156,361.9000000000138
0.3468457794240016,362.0000000000138
-0.27713350947092796,362.10000000001384
0.37810385202052876,362.20000000001386
0.11039266678115613,362.3000000000139
0.3383351057304206,362.4000000000139
-0.15102996399154303,362.5000000000139
0.5894208367612832,362.60000000001395
-0.047053303820526526,362.700000000014
0.1186567141440697,362.800000000014
-0.04897986820185721,362.900000000014
0.04858845534846938,363.00000000001404
0.715967552833185,363.10000000001406
-0.11790880259338063,363.2000000000141
0.1346162034090377,363.3000000000141
-0.40663881222297216,363.40000000001413
0.5162432351493392,363.50000000001415
-0.028768352138840603,363.6000000000142
-0.39132511044762175,363.7000000000142
0.6792267233722883,363.8000000000142
0.21748495864146178,363.90000000001424
0.002575422903822705,364.00000000001427
-0.28797999755955117,364.1000000000143
-0.4314961309350399,364.2000000000143
0.0377777964198348,364.30000000001434
-0.06895969477831482,364.40000000001436
0.19675174762811787,364.5000000000144
0.2233439574145616,364.6000000000144
-0.25759458582917993,364.7000000000144
0.21041633870291165,364.80000000001445
0.27473169466852254,364.9000000000145
0.04753422475923112,365.0000000000145
-0.3372700302536462,365.1000000000145
0.0413940793168448,365.20000000001454
0.18878460879768416,365.30000000001456
-0.2294587733304619,365.4000000000146
-0.677663699551941,365.5000000000146
0.33989174265494115,365.60000000001463
0.5611870061402662,365.70000000001465
-0.4534139710601278,365.8000000000147
0.1144851618026967,365.9000000000147
0.20284910667536402,366.0000000000147
0.1384080428614752,366.10000000001475
0.4866742160060108,366.20000000001477
0.47268157838712377,366.3000000000148
0.6366371643940767,366.4000000000148
0.3074804229017715,366.50000000001484
-0.07249666465770016,366.60000000001486
-0.18243226523501324,366.7000000000149
-0.05086561387441524,366.8000000000149
0.18242574948943086,366.9000000000149
0.03758887506604088,367.00000000001495
-0.34687814434125097,367.100000000015
0.2985958834655331,367.200000000015
0.27226791448890253,367.300000000015
-0.3934902130475292,367.40000000001504
-0.20992032070960556,367.50000000001506
-0.1745937062327034,367.6000000000151
0.30783024093040856,367.7000000000151
0.21467095170751685,367.80000000001513
0.3548966879968902,367.90000000001515
-0.271601174419164,368.0000000000152
-0.18152355002800177,368.1000000000152
-0.5643906057937212,368.2000000000152
0.150815699237082,368.30000000001525
0.10698231221212953,368.40000000001527
0.060260333142300684,368.5000000000153
0.0576689148457614,368.6000000000153
0.36054820783039687,368.70000000001534
-0.1675345082129688,368.80000000001536
0.0197548428409801,368.9000000000154
0.029810235185141046,369.0000000000154
0.0750455150597339,369.1000000000154
0.10545651032609471,369.20000000001545
-0.019849459536357528,369.3000000000155
-0.5684778205859362,369.4000000000155
0.6815873077572188,369.5000000000155
0.40041168541628747,369.60000000001554
-0.3359250445595813,369.70000000001556
0.19553580631488504,369.8000000000156
-0.027870592895684082,369.9000000000156
0.23077975926580058,370.00000000001563
-0.007200771903807232,370.10000000001565
0.5908037923322632,370.2000000000157
-0.6076223271871541,370.3000000000157
-0.2759359798339035,370.4000000000157
-0.4457537880745297,370.50000000001575
-0.06315535603320976,370.60000000001577
-0.047933982924396906,370.7000000000158
0.09383388151027379,370.8000000000158
0.5023112422884061,370.90000000001584
0.10369058582623951,371.00000000001586
-0.2844811287425282,371.1000000000159
0.06332981957393312,371.2000000000159
-0.1355658721833735,371.3000000000159
0.06187349461601148,371.40000000001595
0.0877746530300412,371.500000000016
0.5343085822923639,371.600000000016
-0.23357401598017777,371.700000000016
-0.25436468746848384,371.80000000001604
0.11444903120824153,371.90000000001606
-0.5611293196685933,372.0000000000161
-0.2533251941933695,372.1000000000161
-0.021188444142317187,372.20000000001613
0.38302461871659466,372.30000000001615
-0.6223423525911383,372.4000000000162
0.10172954118645351,372.5000000000162
0.6635294372817907,372.6000000000162
-0.20469621014992043,372.70000000001625
-0.10412402819854594,372.80000000001627
-0.02514853599162656,372.9000000000163
0.37770150316805495,373.0000000000163
-0.29230919078984796,373.10000000001634
0.04414273714749339,373.20000000001636
0.04053048997785521,373.3000000000164
-0.35695171820605975,373.4000000000164
-0.6123190163750261,373.5000000000164
0.2723153221978828,373.60000000001645
0.26545799975330864,373.7000000000165
0.26080493765300583,373.8000000000165
0.046713809352278,373.9000000000165
0.027449187448436982,374.00000000001654
0.11949508642052649,374.10000000001656
-0.25673619070127407,374.2000000000166
0.0016080861126621382,374.3000000000166
-0.45780184191749174,374.40000000001663
0.10471625410474415,374.50000000001666
-0.09307774300727206,374.6000000000167
0.05241057753866996,374.7000000000167
0.3260227912075604,374.8000000000167
0.49963507347346825,374.90000000001675
-0.211746707715417,375.00000000001677
-0.09530466825904021,375.1000000000168
-0.1817913850856719,375.2000000000168
0.08998774909309927,375.30000000001684
-0.2437574661087468,375.40000000001686
0.5762105928836482,375.5000000000169
-0.09438820903266584,375.6000000000169
-0.20408614850412096,375.7000000000169
0.17114334549031412,375.80000000001695
0.5478426455633792,375.900000000017
0.29299895538973386,376.000000000017
0.5715482977205397,376.100000000017
-0.11698553138076898,376.20000000001704
0.04305523443085685,376.30000000001706
0.09486894886229517,376.4000000000171
-0.11168915935400528,376.5000000000171
0.28126386949763893,376.60000000001713
0.1041572614566721,376.70000000001716
0.5497951972255921,376.8000000000172
-0.00097436309843911,376.9000000000172
0.31947649923198895,377.0000000000172
0.7824726848536108,377.10000000001725
0.24801750873984016,377.20000000001727
0.06682529361701892,377.3000000000173
0.46972813371670585,377.4000000000173
0.052528953961721817,377.50000000001734
-0.6040183443658964,377.60000000001736
-0.08600674089406399,377.7000000000174
0.6820317163827674,377.8000000000174
0.3793940012499468,377.9000000000174
-0.6493596855432701,378.00000000001745
0.42379313285558085,378.1000000000175
-0.11437172304698612,378.2000000000175
0.5098729326114935,378.3000000000175
0.2691060470455383,378.40000000001754
-0.03731867702058142,378.50000000001756
0.2107538751816022,378.6000000000176
0.03867086084831061,378.7000000000176
0.09695742688475026,378.80000000001763
-0.04414848128907345,378.90000000001766
-0.04141340859556364,379.0000000000177
0.2826356530396208,379.1000000000177
0.22526361498078348,379.2000000000177
-0.27052853467954674,379.30000000001775
-0.1929651053034153,379.40000000001777
-0.6952255582874955,379.5000000000178
-0.13550906480145417,379.6000000000178
-0.03302960527641213,379.70000000001784
-0.3069448924711835,379.80000000001786
0.11464236757000293,379.9000000000179
-0.6168796207262547,380.0000000000179
-0.16696359301865463,380.1000000000179
0.038840770992637975,380.20000000001795
0.18301013400227084,380.300000000018
0.3771869244198436,380.400000000018
0.8240241950322456,380.500000000018
-0.24528801260321278,380.60000000001804
0.07706186114354513,380.70000000001806
-0.05263889008128586,380.8000000000181
-0.29828527588397724,380.9000000000181
-0.5330317343777263,381.00000000001813
-0.2742629302546441,381.10000000001816
0.2930174703163677,381.2000000000182
-0.011526880640737452,381.3000000000182
0.3763676008777699,381.4000000000182
-0.06717048207648385,381.50000000001825
0.23216305487841496,381.60000000001827
-0.01602819286850643,381.7000000000183
0.40684725471124283,381.8000000000183
0.22162744074762603,381.90000000001834
-0.09866439694650445,382.00000000001836
-0.1838147145733329,382.1000000000184
-0.2520605669547852,382.2000000000184
0.28250483920932395,382.30000000001843
0.1957682590290859,382.40000000001845
-0.03356825895771465,382.5000000000185
0.010317054234076,382.6000000000185
-0.21633429744132596,382.7000000000185
-0.2929098758686144,382.80000000001854
0.17881347987348234,382.90000000001857
-0.14567409348232074,383.0000000000186
0.1166888979076821,383.1000000000186
0.05034682220545789,383.20000000001863
0.430467062752694,383.30000000001866
-0.21591043485541625,383.4000000000187
-0.24528111728234644,383.5000000000187
0.21087941725039178,383.6000000000187
-0.7485130501325353,383.70000000001875
-0.17800760741448599,383.80000000001877
0.24106468816480053,383.9000000000188
-0.29107043536650445,384.0000000000188
0.4063485410556896,384.10000000001884
0.07342042492432524,384.20000000001886
0.16531529400171874,384.3000000000189
0.5328266104049209,384.4000000000189
0.45168333662982263,384.50000000001893
0.4822426753041027,384.60000000001895
-0.5008331769075803,384.700000000019
0.08571194346570064,384.800000000019
-0.6276951613830971,384.900000000019
0.40066008055102653,385.00000000001904
-0.28625137009779733,385.10000000001907
-0.10433149758075166,385.2000000000191
0.16048855433001996,385.3000000000191
0.03416423767175518,385.40000000001913
-0.0016690598892598468,385.50000000001916
0.5745057575560281,385.6000000000192
0.4050176112505651,385.7000000000192
0.028122731683761712,385.8000000000192
-0.13237433275284238,385.90000000001925
-0.019674399120575267,386.00000000001927
0.40198961541614764,386.1000000000193
0.2951208182034524,386.2000000000193
-0.15198652353340045,386.30000000001934
0.16773595574552588,386.40000000001936
0.16800235114724793,386.5000000000194
0.08561436693044899,386.6000000000194
0.5234067641094353,386.70000000001943
0.21614143940737002,386.80000000001945
-0.3785150235375644,386.9000000000195
-0.2966133593280781,387.0000000000195
0.25399175966056897,387.1000000000195
-0.06432032828984244,387.20000000001954
-0.3310477409261635,387.30000000001957
-0.27367307803509844,387.4000000000196
0.08026949870434022,387.5000000000196
0.18719503820593364,387.60000000001963
-0.8576083919844706,387.70000000001966
0.17622830474655637,387.8000000000197
0.028759191529415834,387.9000000000197
-0.29255566555765444,388.0000000000197
0.48381089331306815,388.10000000001975
0.3091945626129261,388.20000000001977
-0.06182488877556774,388.3000000000198
-0.22386615895182063,388.4000000000198
-0.07406915358220745,388.50000000001984
-0.31798879952055414,388.60000000001986
-0.027716453207389885,388.7000000000199
0.20189022895726966,388.8000000000199
-0.15121583696728955,388.90000000001993
-0.0422539550153794,389.00000000001995
0.22311322191284108,389.10000000002
0.022504181735385556,389.20000000002
-0.06763832285540672,389.30000000002
0.39107125324488345,389.40000000002004
0.020730029086235488,389.50000000002007
0.10796506456677507,389.6000000000201
-0.14257218541292815,389.7000000000201
0.5744732179896243,389.80000000002013
0.5157758410365794,389.90000000002016
-0.09709526097778917,390.0000000000202
0.8409430209140164,390.1000000000202
0.2132344877308185,390.2000000000202
0.20747409708507802,390.30000000002025
-0.1581137035917862,390.40000000002027
-0.47088293515172475,390.5000000000203
-0.472197409246792,390.6000000000203
0.2589935817615253,390.70000000002034
0.48280975162049034,390.80000000002036
0.2556271788357247,390.9000000000204
0.39409430987799154,391.0000000000204
0.0871882209690096,391.10000000002043
-0.16874704846333763,391.20000000002045
-0.0033507072275614086,391.3000000000205
0.34062987062170424,391.4000000000205
0.13584613259596748,391.5000000000205
-0.10865633713110179,391.60000000002054
0.47470661503786404,391.70000000002057
0.05787163655598857,391.8000000000206
-0.28325875060633976,391.9000000000206
-0.5034562260604901,392.00000000002063
0.8003888550755793,392.10000000002066
-0.11010293744013747,392.2000000000207
-0.21721075300121892,392.3000000000207
0.14486233148177763,392.4000000000207
0.2041119973943265,392.50000000002075
0.5059812663659232,392.60000000002077
0.25379247581791464,392.7000000000208
0.3608727982537825,392.8000000000208
0.21229865587285635,392.90000000002084
0.6289743335203178,393.00000000002086
0.034028912136191844,393.1000000000209
-0.1649276285305488,393.2000000000209
-0.09902247417906113,393.30000000002093
0.13023880585561132,393.40000000002095
0.19316154493977655,393.500000000021
-0.14441137405973162,393.600000000021
-0.21192807289027119,393.700000000021
0.01929436197014031,393.80000000002104
-0.08627487754234048,393.90000000002107
0.08646282967067112,394.0000000000211
-0.6392147326573735,394.1000000000211
-0.014586024998370709,394.20000000002113
0.5636445220544343,394.30000000002116
0.13184721832207721,394.4000000000212
-0.37062911776827934,394.5000000000212
-0.565289972953457,394.6000000000212
0.032981509743334636,394.70000000002125
-0.2427155710134434,394.80000000002127
-0.43550416182341134,394.9000000000213
0.10643326948742123,395.0000000000213
0.1417157249466447,395.10000000002134
0.10171837257923447,395.20000000002136
0.3804967890717762,395.3000000000214
0.6429484150888696,395.4000000000214
0.7838353587762598,395.50000000002143
-0.031054955591879235,395.60000000002145
0.5348767634353355,395.7000000000215
0.6969578991157233,395.8000000000215
0.7396461271008358,395.9000000000215
0.46814556494065607,396.00000000002154
0.3368771268412703,396.10000000002157
0.12045953077885206,396.2000000000216
0.48348896388541485,396.3000000000216
0.026938597461886954,396.40000000002163
0.17092251919048085,396.50000000002166
-0.07729242413665116,396.6000000000217
0.30381451621429795,396.7000000000217
-0.08801893481860323,396.8000000000217
0.18777888585183233,396.90000000002175
0.30362730019012907,397.00000000002177
0.5453321889992578,397.1000000000218
-0.46430928357952517,397.2000000000218
0.23176219173084975,397.30000000002184
0.10252255436023464,397.40000000002186
0.05014429803865976,397.5000000000219
0.7001720941261033,397.6000000000219
0.17382607832990488,397.70000000002193
-0.029427971492605814,397.80000000002195
-0.21738425569201822,397.900000000022
0.07614398770308375,398.000000000022
0.7075655510659278,398.100000000022
0.48078583396628494,398.20000000002204
-0.04104754354284876,398.30000000002207
0.1204574451219152,398.4000000000221
0.052449867166383446,398.5000000000221
-0.03738686698432095,398.60000000002213
0.2823036946919619,398.70000000002216
0.3524873543367445,398.8000000000222
0.23513689628880574,398.9000000000222
-0.1813334526696125,399.0000000000222
-0.0381824155610046,399.10000000002225
-0.25572794992974834,399.20000000002227
0.1674311567026508,399.3000000000223
0.22871633272048997,399.4000000000223
0.7174540627378515,399.50000000002234
0.2980024335685212,399.60000000002236
-0.2188723168685203,399.7000000000224
0.39941181640403955,399.8000000000224
0.09747461609451698,399.90000000002243
-0.11983696832746812,400.00000000002245
0.31038118837744477,400.1000000000225
0.38767294643560457,400.2000000000225
-0.03854204256837823,400.3000000000225
0.18498796831262912,400.40000000002254
0.15199910289756494,400.50000000002257
0.28141068065847413,400.6000000000226
0.3403367950303029,400.7000000000226
-0.23407568541312843,400.80000000002264
0.20741882921724636,400.90000000002266
0.2790855810408556,401.0000000000227
-0.014416998177657486,401.1000000000227
0.10975538250169228,401.2000000000227
-0.0002288811923881473,401.30000000002275
-0.14030616344661848,401.40000000002277
0.29115536599363034,401.5000000000228
0.3745577612330969,401.6000000000228
0.11070446623401012,401.70000000002284
0.3307237140229756,401.80000000002286
-0.3289090562652962,401.9000000000229
-0.31337243286873095,402.0000000000229
0.32273972220060876,402.10000000002293
0.38177353174878437,402.20000000002295
0.3106986194972491,402.300000000023
-0.35531893629236755,402.400000000023
-0.11257285758566535,402.500000000023
0.025590902022651185,402.60000000002304
-0.20686360822658253,402.70000000002307
-0.04589646966065419,402.8000000000231
-0.10043069143824798,402.9000000000231
0.08502706100561384,403.00000000002314
0.7053929413338069,403.10000000002316
-0.11020597787773401,403.2000000000232
-0.16943920499261986,403.3000000000232
-0.3702011391368317,403.4000000000232
0.09963299472330495,403.50000000002325
0.2961135957009927,403.6000000000233
0.2148713676450952,403.7000000000233
-0.13060273833643704,403.8000000000233
0.3889616880082687,403.90000000002334
0.1679709202395411,404.00000000002336
0.5209168548479148,404.1000000000234
-0.40244802906339905,404.2000000000234
-0.1387176668244834,404.30000000002343
-0.19737547871299857,404.40000000002345
0.04651654711574824,404.5000000000235
0.49328141461834285,404.6000000000235
0.6926256572193278,404.7000000000235
-0.12089129456013051,404.80000000002354
-0.03434520976666461,404.90000000002357
-0.16940110357402302,405.0000000000236
-0.6212517475418375,405.1000000000236
-0.28517881960749913,405.20000000002364
0.5830691152549696,405.30000000002366
0.15704526082078699,405.4000000000237
0.4119677249969569,405.5000000000237
-0.24678937698794282,405.6000000000237
0.168287851641923,405.70000000002375
0.15047538278897743,405.8000000000238
0.3642218110491573,405.9000000000238
0.26143343821826803,406.0000000000238
0.15288330873261347,406.10000000002384
-0.007545502731687789,406.20000000002386
0.36227297108494116,406.3000000000239
0.31153027289088525,406.4000000000239
0.5966520687890106,406.50000000002393
-0.14175764440889038,406.60000000002395
0.02279646559136879,406.700000000024
-0.29663306624518426,406.800000000024
0.42729677708622815,406.900000000024
-0.23381428630813209,407.00000000002404
-0.18548919421406115,407.10000000002407
0.08128330860700725,407.2000000000241
0.2686364242099878,407.3000000000241
-0.1496108740489645,407.40000000002414
-0.02868768494824242,407.50000000002416
0.18634321493391842,407.6000000000242
-0.11459385315228363,407.7000000000242
-0.04116835972817384,407.8000000000242
0.3737332825084837,407.90000000002425
-0.13864984927468219,408.0000000000243
-0.19335671368792076,408.1000000000243
-0.2523392878225382,408.2000000000243
0.08590539672980242,408.30000000002434
0.02130861409950266,408.40000000002436
-0.052636437212301546,408.5000000000244
-0.2285745124561254,408.6000000000244
0.4255914818189068,408.70000000002443
-0.0899997269337203,408.80000000002445
0.12609944063633644,408.9000000000245
-0.2786114739336909,409.0000000000245
-0.03424674967665298,409.1000000000245
0.545547819972074,409.20000000002454
-0.2926047003554203,409.30000000002457
0.628749244098466,409.4000000000246
0.6787623133774573,409.5000000000246
0.05748891003787832,409.60000000002464
0.4983483908841658,409.70000000002466
0.5547446964026078,409.8000000000247
1.1554251127911677,409.9000000000247
-0.254763210201728,410.0000000000247
0.2594696593175848,410.10000000002475
-0.5083864251691985,410.2000000000248
0.2623761437909818,410.3000000000248
0.19809260366499457,410.4000000000248
0.08728502079980895,410.50000000002484
0.4239572536112455,410.60000000002486
-0.5842961927591712,410.7000000000249
0.5026860583166605,410.8000000000249
0.43826672025485436,410.90000000002493
0.1544280054292855,411.00000000002495
0.17194613298843736,411.100000000025
-0.23837439291966414,411.200000000025
-0.2544712935592848,411.300000000025
0.08108968601513561,411.40000000002505
0.10945553801525246,411.50000000002507
-0.149268731358949,411.6000000000251
-0.3863988096901363,411.7000000000251
0.4133674423287649,411.80000000002514
-0.30862015507177043,411.90000000002516
0.0967443385756596,412.0000000000252
0.10516305653579411,412.1000000000252
-0.14253548081971695,412.2000000000252
0.8784196340223199,412.30000000002525
0.15722527901449876,412.4000000000253
0.07876471352596766,412.5000000000253
0.1368391953100967,412.6000000000253
0.34659302022232086,412.70000000002534
0.29702396355955285,412.80000000002536
-0.2396208485576979,412.9000000000254
0.4103329537585315,413.0000000000254
-0.18850550697398508,413.10000000002543
-0.10789424758389202,413.20000000002545
-0.10171012039415589,413.3000000000255
-0.009417996118931682,413.4000000000255
-0.3129248077713427,413.5000000000255
-0.2354929031189407,413.60000000002555
0.4118193253342567,413.70000000002557
-0.05150005741480876,413.8000000000256
0.5984088078548702,413.9000000000256
0.18472519711734064,414.00000000002564
-0.03246531111010176,414.10000000002566
0.33848566001813196,414.2000000000257
-0.3008789700188448,414.3000000000257
0.6552452486853566,414.4000000000257
0.5714927754640096,414.50000000002575
0.08651664262070655,414.6000000000258
0.23789236929420549,414.7000000000258
-0.2522588590821908,414.8000000000258
0.032745363998758534,414.90000000002584
0.09519317786994017,415.00000000002586
0.38740277092096753,415.1000000000259
-0.10358549946749057,415.2000000000259
0.8891162134069306,415.30000000002593
0.14211552742913125,415.40000000002595
-0.11134136277909634,415.500000000026
0.45410582030076274,415.600000000026
0.09258610226106685,415.700000000026
0.5660036678937113,415.80000000002605
0.5449675941122578,415.90000000002607
0.17259478973595382,416.0000000000261
0.03803817963768083,416.1000000000261
0.38357076111343213,416.20000000002614
-0.25524701684291773,416.30000000002616
-0.16036543318991534,416.4000000000262
-0.3135350256436219,416.5000000000262
-0.09265179578575969,416.6000000000262
0.30578038284765197,416.70000000002625
0.3536842958441446,416.8000000000263
-0.36622808275005714,416.9000000000263
0.5202451606683376,417.0000000000263
0.7367929357717546,417.10000000002634
0.8029311706018752,417.20000000002636
0.4147235845427686,417.3000000000264
0.5494047117692594,417.4000000000264
0.37645329522945603,417.50000000002643
0.08442139011640308,417.60000000002645
0.6312912329969097,417.7000000000265
0.2367045446282453,417.8000000000265
0.15301252486911865,417.9000000000265
0.005990454543910326,418.00000000002655
0.026011837476066335,418.10000000002657
0.4281510741955775,418.2000000000266
0.3531897492613397,418.3000000000266
-0.19242877836274644,418.40000000002664
0.48147967591772733,418.50000000002666
-0.15501956327002334,418.6000000000267
0.07630741247047976,418.7000000000267
0.7300233285014395,418.8000000000267
0.22391345376249167,418.90000000002675
-0.11528106857181117,419.0000000000268
-0.4240508714541432,419.1000000000268
0.26556654299493615,419.2000000000268
0.6108049276685739,419.30000000002684
0.5713336258978549,419.40000000002686
0.4915029646411917,419.5000000000269
0.4133993252464827,419.6000000000269
0.09089825999242121,419.70000000002693
0.14701974035410278,419.80000000002696
-0.5129745592806977,419.900000000027
-0.3939719177859463,420.000000000027
0.2833559072389713,420.100000000027
-0.303119142645466,420.20000000002705
0.7154534111627144,420.30000000002707
-0.3777493915292295,420.4000000000271
-0.01681530169629865,420.5000000000271
-0.07314745690394939,420.60000000002714
-0.4264652160936542,420.70000000002716
-0.10603820916960816,420.8000000000272
0.16226716217791434,420.9000000000272
0.04443986622463304,421.0000000000272
0.03102471518669045,421.10000000002725
0.08719933644444675,421.2000000000273
0.6157565129693386,421.3000000000273
0.20050376292358535,421.4000000000273
0.442887687962382,421.50000000002734
0.3346406022612085,421.60000000002736
0.0869246935841162,421.7000000000274
0.29610772723840695,421.8000000000274
-0.27217951136587615,421.90000000002743
0.3977382404872759,422.00000000002746
0.12868062451957393,422.1000000000275
-0.00805557001072825,422.2000000000275
0.13598370657710743,422.3000000000275
0.05863019288282796,422.40000000002755
0.016372018868419713,422.50000000002757
0.07797904026537901,422.6000000000276
0.14785983627003163,422.7000000000276
-0.3622487812008953,422.80000000002764
-0.18701465045209162,422.90000000002766
0.1947939125201805,423.0000000000277
-0.015702700637157563,423.1000000000277
0.007312471246685617,423.2000000000277
0.21718664814068117,423.30000000002775
0.0697047148888287,423.4000000000278
-0.09756859965450171,423.5000000000278
-0.06657989087934327,423.6000000000278
0.3329825652509072,423.70000000002784
0.16194371577609457,423.80000000002786
0.03688204672819058,423.9000000000279
0.0957199513160471,424.0000000000279
-0.18777071203371562,424.10000000002793
-0.041276548514163985,424.20000000002796
0.11515726308592004,424.300000000028
-0.05647236093677804,424.400000000028
-0.317922417790807,424.500000000028
-0.0834684267895241,424.60000000002805
0.03045419506703753,424.70000000002807
0.6096599598068521,424.8000000000281
0.14724908676836818,424.9000000000281
0.4904115497520861,425.00000000002814
0.08598491514757657,425.10000000002816
0.22474296942990196,425.2000000000282
0.05520504846136982,425.3000000000282
0.07789478394617896,425.40000000002823
-0.3147068151335234,425.50000000002825
1.068395135589972,425.6000000000283
-0.16382611160009838,425.7000000000283
0.3072636515360626,425.8000000000283
-0.22916624146416273,425.90000000002834
0.10333351943235031,426.00000000002836
0.42733790311181774,426.1000000000284
-0.052189883255838954,426.2000000000284
0.18464839147804374,426.30000000002843
-0.5456229499501356,426.40000000002846
0.1726314293593222,426.5000000000285
0.7476721264758136,426.6000000000285
-0.24156197330432458,426.7000000000285
-0.29401287831030865,426.80000000002855
0.08618391053498328,426.90000000002857
-0.06418711940459607,427.0000000000286
0.1993974742760984,427.1000000000286
0.7128680672195485,427.20000000002864
-0.12188986058592402,427.30000000002866
-0.3132806030068328,427.4000000000287
0.37579610275588493,427.5000000000287
0.41792857930304705,427.60000000002873
0.4346002302697015,427.70000000002875
0.1465314495794679,427.8000000000288
-0.10719991366002396,427.9000000000288
0.07382745523718802,428.0000000000288
0.3661686103181089,428.10000000002884
0.3334366904561605,428.20000000002887
0.12560141266097966,428.3000000000289
-0.23274719621284187,428.4000000000289
0.3976593124015232,428.50000000002893
-0.39942014498965217,428.60000000002896
-0.002150648426419044,428.700000000029
0.32642261718720855,428.800000000029
0.2583032921078052,428.900000000029
-0.5642652074604372,429.00000000002905
-0.4752202083477389,429.10000000002907
0.3911015002081031,429.2000000000291
0.06776238288705755,429.3000000000291
0.17219844585276906,429.40000000002914
-0.42033041167698615,429.50000000002916
0.19609392069364157,429.6000000000292
-0.0988351057011394,429.7000000000292
0.0730230257329626,429.80000000002923
0.11550223337604944,429.90000000002925
-0.7409657893048713,430.0000000000293
0.26788271346356185,430.1000000000293
0.2937506979675386,430.2000000000293
0.149777566139014,430.30000000002934
-0.07640118250349068,430.40000000002937
-0.0223865592668743,430.5000000000294
0.5284027466370468,430.6000000000294
0.06627820519857118,430.70000000002943
0.10600447151727252,430.80000000002946
0.2702376633977561,430.9000000000295
0.12824132924069698,431.0000000000295
-0.019273645293208408,431.1000000000295
0.8688086421624094,431.20000000002955
0.4982169689697912,431.30000000002957
-0.09959124029531954,431.4000000000296
0.6352790665973038,431.5000000000296
-0.43231215858653216,431.60000000002964
0.17392816679608214,431.70000000002966
-0.24216482776294604,431.8000000000297
-0.7897970253279158,431.9000000000297
0.06114249152705447,432.00000000002973
0.8391082531251355,432.10000000002975
0.12239176632612014,432.2000000000298
0.06350768462099628,432.3000000000298
0.812363125793992,432.4000000000298
0.2087867407427288,432.50000000002984
-0.27177259692846445,432.60000000002987
0.35998508609146773,432.7000000000299
0.6624573510428927,432.8000000000299
-0.4197982786263792,432.90000000002993
-0.4352295545084621,433.00000000002996
0.028787643517977177,433.10000000003
0.4869010539251688,433.20000000003
-0.209836840016734,433.30000000003
-0.14723060745053,433.40000000003005
0.046241399935450615,433.50000000003007
-0.008503617752601111,433.6000000000301
0.1355155099943977,433.7000000000301
-0.03997945263050762,433.80000000003014
0.292362878979141,433.90000000003016
-0.16724082161235868,434.0000000000302
0.251343879771752,434.1000000000302
0.2160123120847165,434.20000000003023
-0.10566101147458165,434.30000000003025
-0.4520465978580741,434.4000000000303
0.5022793866840854,434.5000000000303
0.08699989140364077,434.6000000000303
-0.00500925849882887,434.70000000003034
-0.3613675197371634,434.80000000003037
0.363269598503402,434.9000000000304
-0.32274367386677894,435.0000000000304
-0.1387568054856146,435.10000000003043
0.13212016098884158,435.20000000003046
-0.3706668885205805,435.3000000000305
-0.2013112404267092,435.4000000000305
0.520053364563294,435.5000000000305
-0.17169179199713377,435.60000000003055
-0.2948071956678445,435.70000000003057
0.023426104102831163,435.8000000000306
0.4993216506244672,435.9000000000306
-0.015068616117075342,436.00000000003064
0.430965876815824,436.10000000003066
0.366563082175107,436.2000000000307
0.0895872062372227,436.3000000000307
0.696581996150024,436.40000000003073
0.2580965416725338,436.50000000003075
0.07453157257993592,436.6000000000308
-0.40439803300209354,436.7000000000308
-0.04036959591923428,436.8000000000308
0.5606225826110806,436.90000000003084
0.17599829940074968,437.00000000003087
0.3532288050485548,437.1000000000309
0.11591596707887981,437.2000000000309
0.010812389634331177,437.30000000003093
-0.16268298385800053,437.40000000003096
0.03834055634826922,437.500000000031
0.6624937745311384,437.600000000031
0.106844943680538,437.700000000031
-0.5016115219043016,437.80000000003105
0.2362553724607135,437.90000000003107
0.3512368115558431,438.0000000000311
0.6525224408419175,438.1000000000311
0.3042227537862472,438.20000000003114
-0.15268116422750047,438.30000000003116
-0.04035719415959746,438.4000000000312
0.24132725398003788,438.5000000000312
-0.1447877562578102,438.60000000003123
0.06065213307289825,438.70000000003125
0.19771685532401223,438.8000000000313
-0.07627489845389626,438.9000000000313
0.34046630421547885,439.0000000000313
-0.10704450376637817,439.10000000003134
0.40355760813561403,439.20000000003137
0.11973886822924612,439.3000000000314
-0.38654360070395444,439.4000000000314
-0.3550017533344353,439.50000000003143
0.42911578214139945,439.60000000003146
-0.2539088014772266,439.7000000000315
-0.42541949561834347,439.8000000000315
-0.13786553790077108,439.9000000000315
0.3654360504959855,440.00000000003155
-0.02494288865114988,440.10000000003157
-0.29349964292877095,440.2000000000316
-0.2699831580490827,440.3000000000316
0.30479170928263444,440.40000000003164
0.48330008467882535,440.50000000003166
-0.03939473797296644,440.6000000000317
-0.24411927792325763,440.7000000000317
0.2327517724758753,440.80000000003173
0.21198733388000052,440.90000000003175
-0.42607032957048585,441.0000000000318
-0.3774055983066089,441.1000000000318
0.8032076504554749,441.2000000000318
0.713345406357448,441.30000000003184
0.9407578465684636,441.40000000003187
0.20357314217687866,441.5000000000319
-0.0034036986989780665,441.6000000000319
0.29357131586034746,441.70000000003193
0.09458658065478795,441.80000000003196
0.11648440510461841,441.900000000032
0.32034334228933403,442.000000000032
0.6570038935270023,442.100000000032
-0.18986043535138916,442.20000000003205
0.07386556222092758,442.30000000003207
0.16363665405372643,442.4000000000321
-0.44753856088183785,442.5000000000321
-0.0734843448123145,442.60000000003214
0.20312779189836616,442.70000000003216
0.057663712387593526,442.8000000000322
-0.4170350195826322,442.9000000000322
0.03900454349638922,443.00000000003223
0.40882063447822503,443.10000000003225
0.009423276778440834,443.2000000000323
0.26484633277949865,443.3000000000323
-0.03059436182924727,443.4000000000323
0.29254939650567213,443.50000000003234
0.5057369533168075,443.60000000003237
0.7475302358636349,443.7000000000324
0.6886045855821356,443.8000000000324
-0.289339449640847,443.90000000003243
0.8085364202571037,444.00000000003246
0.26819412601518877,444.1000000000325
0.14461082367159406,444.2000000000325
0.6490995857369892,444.3000000000325
-0.08719676924525263,444.40000000003255
0.6080263706456781,444.50000000003257
-0.0551559944012944,444.6000000000326
0.1386751102412088,444.7000000000326
0.2672139929414331,444.80000000003264
0.16640600077830298,444.90000000003266
0.17815155317770565,445.0000000000327
-0.10680369553656577,445.1000000000327
0.4282155518912356,445.20000000003273
-0.5123965423918353,445.30000000003275
0.534025022428748,445.4000000000328
0.22623581359322414,445.5000000000328
0.038630526328541706,445.6000000000328
-0.10706770147461941,445.70000000003284
-0.12545249285857638,445.80000000003287
0.00359074017128283,445.9000000000329
0.2446781997834948,446.0000000000329
0.49774503091350086,446.10000000003294
-0.1833812761245128,446.20000000003296
0.38575082482473033,446.300000000033
-0.10765550678568231,446.400000000033
-0.017622344043935076,446.500000000033
0.6462688467766489,446.60000000003305
0.10930330932122219,446.70000000003307
0.03938408839799375,446.8000000000331
0.5668514484349656,446.9000000000331
-0.2074799082054106,447.00000000003314
0.41001088453282863,447.10000000003316
0.037405480331137886,447.2000000000332
-0.23613501213941826,447.3000000000332
0.5142428392399605,447.40000000003323
0.17360404817143624,447.50000000003325
0.13971431758108463,447.6000000000333
-0.11186921287677262,447.7000000000333
0.1216837533858413,447.8000000000333
0.3538397748834653,447.90000000003334
-0.35845628826551745,448.00000000003337
0.11399575543558227,448.1000000000334
-0.2852826487249227,448.2000000000334
0.16296459497047883,448.30000000003344
0.09767948404923607,448.40000000003346
0.1978964778950284,448.5000000000335
-0.3671496320409723,448.6000000000335
0.05330861656494161,448.7000000000335
0.1499714978277727,448.80000000003355
0.3076703257508554,448.9000000000336
-0.8716354343266156,449.0000000000336
0.22246892825086412,449.1000000000336
0.23065323081032832,449.20000000003364
0.14983547738636724,449.30000000003366
-0.3006221550179373,449.4000000000337
0.19879956742925364,449.5000000000337
0.39489252216464843,449.60000000003373
-0.2703245408072714,449.70000000003375
0.6004633494549348,449.8000000000338
0.1833681387459472,449.9000000000338
-0.12925851265866684,450.0000000000338
-0.3594233849186197,450.10000000003384
0.27826089027504497,450.20000000003387
0.5068592739053996,450.3000000000339
0.21056987975190622,450.4000000000339
-0.04898822488145363,450.50000000003394
-0.12031029352973155,450.60000000003396
-0.15760572207072318,450.700000000034
0.2095194631093883,450.800000000034
-0.4297566225909891,450.900000000034
0.30007253683371266,451.00000000003405
-0.05869759925146256,451.1000000000341
0.46731732107237334,451.2000000000341
-0.1306055011272519,451.3000000000341
-0.30232488197190244,451.40000000003414
-0.222795307332011,451.50000000003416
0.06475806522214744,451.6000000000342
0.07910704573781774,451.7000000000342
-0.2892773297050276,451.80000000003423
0.19669968731972537,451.90000000003425
0.33773143752256585,452.0000000000343
0.09990523017587315,452.1000000000343
-0.00406347538505171,452.2000000000343
-0.07151784686396132,452.30000000003434
0.28949028572068125,452.40000000003437
0.029274931670436072,452.5000000000344
-0.4006948554435287,452.6000000000344
-0.18929803951260984,452.70000000003444
-0.13495675110710684,452.80000000003446
0.18876721944554267,452.9000000000345
-0.0007794423345447027,453.0000000000345
0.3221198394694549,453.1000000000345
-0.2651202625267939,453.20000000003455
0.035187375703606485,453.3000000000346
0.32079964754849494,453.4000000000346
0.4533731849647544,453.5000000000346
-0.03606088067290916,453.60000000003464
-0.0642333022316545,453.70000000003466
0.28066769264532654,453.8000000000347
-0.7026105528381408,453.9000000000347
0.3966596174929532,454.00000000003473
0.02802614150698486,454.10000000003475
0.20810083931714918,454.2000000000348
0.1816366133116561,454.3000000000348
0.013831943213119993,454.4000000000348
0.03757388444989611,454.50000000003485
0.16683928800279224,454.60000000003487
-0.06446551462035546,454.7000000000349
-0.026805624962933622,454.8000000000349
-0.20394232468956905,454.90000000003494
0.4091762425130786,455.00000000003496
0.41387562807700284,455.100000000035
-0.024862522929755215,455.200000000035
0.22904741935540193,455.300000000035
-0.28549649431709545,455.40000000003505
-0.35203560450026783,455.5000000000351
-0.16414832291570433,455.6000000000351
-0.08228603400275397,455.7000000000351
-0.15999306699638752,455.80000000003514
0.3651498196996964,455.90000000003516
0.22629705589700266,456.0000000000352
0.1021165469024475,456.1000000000352
0.1627434974175073,456.20000000003523
-0.14322472729621682,456.30000000003525
0.6824601486535308,456.4000000000353
-0.17211311250260689,456.5000000000353
0.08809235345888451,456.6000000000353
-0.6396912822978478,456.70000000003535
-0.6887339458512444,456.80000000003537
0.3184014385212729,456.9000000000354
-0.027951953062175572,457.0000000000354
-0.5768023560987094,457.10000000003544
-0.26683256547181655,457.20000000003546
0.5998372630565701,457.3000000000355
0.6780468096151139,457.4000000000355
0.1109518924335591,457.5000000000355
0.425850532431559,457.60000000003555
-0.3523493668028177,457.7000000000356
-0.06046045272521025,457.8000000000356
0.1916667873281005,457.9000000000356
-0.6268611383559506,458.00000000003564
0.09858600228809487,458.10000000003566
-0.5479701618367749,458.2000000000357
-0.336709929542789,458.3000000000357
0.061091522248090696,458.40000000003573
0.13864634506520596,458.50000000003575
0.3362715280810902,458.6000000000358
-0.11364638227513052,458.7000000000358
-0.219129324946827,458.8000000000358
-0.04302065142161915,458.90000000003585
0.2593255340427763,459.00000000003587
-0.008214040419090948,459.1000000000359
0.19644909256384213,459.2000000000359
0.25533181175617314,459.30000000003594
-0.35158557600157614,459.40000000003596
-0.00259396920166223,459.500000000036
-0.08239569610363537,459.600000000036
-0.05268307195084368,459.700000000036
0.1899509444039395,459.80000000003605
0.017407895727723735,459.9000000000361
-0.25091588289023115,460.0000000000361
0.3523471847695704,460.1000000000361
-0.10845563409705244,460.20000000003614
-0.3267234689020272,460.30000000003616
-0.3165491249313993,460.4000000000362
0.42196123720040946,460.5000000000362
0.2524784344709853,460.60000000003623
0.0793291682350612,460.70000000003625
-0.09644116614451406,460.8000000000363
0.002551480565428449,460.9000000000363
0.1558738658558708,461.0000000000363
-0.5015958866503862,461.10000000003635
-0.12059052809140802,461.20000000003637
-0.16485444861944512,461.3000000000364
-0.23160798945142694,461.4000000000364
0.23122789591705903,461.50000000003644
0.18107341437095956,461.60000000003646
0.2625748151993411,461.7000000000365
0.0018646096070323165,461.8000000000365
0.6583714251190317,461.9000000000365
0.12046540981828568,462.00000000003655
0.02790704227703661,462.1000000000366
-0.38920886601336613,462.2000000000366
-0.2718002194804663,462.3000000000366
-0.013003218250174808,462.40000000003664
1.0225391887051059,462.50000000003666
0.020732479573422488,462.6000000000367
0.30229052241086674,462.7000000000367
0.21993148337356322,462.80000000003673
0.1757586381803306,462.90000000003675
0.00954311483686511,463.0000000000368
0.3810258514987651,463.1000000000368
-0.14439807482724265,463.2000000000368
0.3587939887540028,463.30000000003685
0.20607407470279776,463.40000000003687
0.05729356225215707,463.5000000000369
0.32095536994256224,463.6000000000369
0.4259000435754714,463.70000000003694
-0.11554095032072689,463.80000000003696
0.05319342113730224,463.900000000037
0.07715140376868442,464.000000000037
-0.692934187322588,464.100000000037
0.049153336588141985,464.20000000003705
0.13352528875132624,464.3000000000371
0.3221597099445699,464.4000000000371
0.2023616043810894,464.5000000000371
-0.33939203652836547,464.60000000003714
0.6517669671550994,464.70000000003716
0.5314321126617076,464.8000000000372
0.10327371096458317,464.9000000000372
0.19917946092146183,465.00000000003723
-0.33182360876182515,465.10000000003726
-0.22922979258215528,465.2000000000373
-0.24810368409695707,465.3000000000373
-0.33812441342159194,465.4000000000373
0.0972539498157847,465.50000000003735
0.0761915437175224,465.60000000003737
0.20863762310446302,465.7000000000374
0.18433683185808075,465.8000000000374
0.4195686055485033,465.90000000003744
0.12315895239298877,466.00000000003746
-0.07404288892219724,466.1000000000375
0.2997706962899083,466.2000000000375
0.10610976274960132,466.3000000000375
0.1524352696605879,466.40000000003755
-0.3004557531390608,466.5000000000376
-0.004036185859549887,466.6000000000376
0.10140982386886167,466.7000000000376
0.062345096922553106,466.80000000003764
-0.046282467082114614,466.90000000003766
0.23171446802774073,467.0000000000377
0.4527425426263356,467.1000000000377
0.0955885945362269,467.20000000003773
0.7879550274684849,467.30000000003776
-0.05237760696494781,467.4000000000378
0.34926772810055545,467.5000000000378
-0.04293082344697746,467.6000000000378
0.18207806737885818,467.70000000003785
0.1924745458822944,467.80000000003787
0.1458950600368916,467.9000000000379
-0.1654126791191883,468.0000000000379
0.1201057722932135,468.10000000003794
-0.018680202558116185,468.20000000003796
0.31166717481281825,468.300000000038
0.10060560116776238,468.400000000038
-0.2045689134512558,468.500000000038
-0.27595338190325125,468.60000000003805
0.31763443624959403,468.7000000000381
-0.054449913857060495,468.8000000000381
0.15992215036921464,468.9000000000381
-0.11676636699785287,469.00000000003814
-0.35398238583578645,469.10000000003816
0.47405049817046796,469.2000000000382
0.4391926028336849,469.3000000000382
0.40326204387490827,469.40000000003823
-0.023016161108901714,469.50000000003826
-0.7531625738948914,469.6000000000383
0.3548065335630597,469.7000000000383
-0.08070420551378674,469.8000000000383
0.42192085291865433,469.90000000003835
0.22848471549971971,470.00000000003837
0.05043387093738778,470.1000000000384
0.05369968646465707,470.2000000000384
-0.2499659734734848,470.30000000003844
0.011956474260739827,470.40000000003846
-0.25518164710864455,470.5000000000385
0.1663642860474532,470.6000000000385
0.08475602974139368,470.70000000003853
0.11052475929209071,470.80000000003855
0.019713576801857036,470.9000000000386
-0.09495329479171474,471.0000000000386
0.6816503646595543,471.1000000000386
-0.07274379844285772,471.20000000003864
0.23941913638442025,471.30000000003866
-0.04975681779480806,471.4000000000387
-0.009250877171077629,471.5000000000387
0.23916653259413576,471.60000000003873
-0.24400708495335258,471.70000000003876
-0.439945596638599,471.8000000000388
0.059007509449556274,471.9000000000388
-0.021217247330302363,472.0000000000388
0.1775530295393895,472.10000000003885
-0.5559936277012499,472.20000000003887
0.13821542497051106,472.3000000000389
0.6280927113431991,472.4000000000389
0.060799490158456815,472.50000000003894
0.015034077494101974,472.60000000003896
0.520512916045103,472.700000000039
-0.2746728049101421,472.800000000039
0.4153425968591058,472.90000000003903
0.11707487407279882,473.00000000003905
0.2401967185714883,473.1000000000391
0.9618942730852209,473.2000000000391
0.20118912962691732,473.3000000000391
0.5263346574407055,473.40000000003914
-1.14137524038505,473.50000000003917
-0.3880341192250202,473.6000000000392
0.18985491924132886,473.7000000000392
0.3481057465282185,473.80000000003923
0.29951610348041835,473.90000000003926
-0.23767141841623948,474.0000000000393
0.5203615227624643,474.1000000000393
0.12039375561582462,474.2000000000393
0.5296370952599017,474.30000000003935
0.8236141324830475,474.40000000003937
-0.12782022158784953,474.5000000000394
0.3429872683359131,474.6000000000394
0.28699365104347196,474.70000000003944
0.10974823298267666,474.80000000003946
-0.19553532023106976,474.9000000000395
-0.05609015994906991,475.0000000000395
-0.06139391163345431,475.10000000003953
0.2958402839419403,475.20000000003955
-0.012376344543350903,475.3000000000396
-0.4447438995049676,475.4000000000396
-0.1588331344772668,475.5000000000396
-0.3399874789253946,475.60000000003964
0.16818973503254692,475.70000000003967
0.38153199757351786,475.8000000000397
0.03142344906703509,475.9000000000397
-0.06268209152208457,476.00000000003973
0.29455193834920257,476.10000000003976
0.45219218832039276,476.2000000000398
-0.5542534131602629,476.3000000000398
0.5751427712431162,476.4000000000398
0.3147895817800916,476.50000000003985
0.3605776621041573,476.60000000003987
-0.30832443063437664,476.7000000000399
-0.16584379979850364,476.8000000000399
-0.13549571897673282,476.90000000003994
-0.22091274882356918,477.00000000003996
-0.3965008042258119,477.10000000004
0.014125224953010967,477.20000000004
0.39300148911637967,477.30000000004003
-0.44288836150705413,477.40000000004005
0.2247644237802324,477.5000000000401
0.8715027961684165,477.6000000000401
0.08852667022451405,477.7000000000401
-0.016733127316979943,477.80000000004014
-0.3893283959976236,477.90000000004017
0.55905268223881,478.0000000000402
0.4762301109073386,478.1000000000402
0.3419262110604612,478.20000000004023
0.47537482944797316,478.30000000004026
0.4769751401719705,478.4000000000403
0.35346372482795074,478.5000000000403
0.5500132410244432,478.6000000000403
-0.030084622197981997,478.70000000004035
0.5557611577975311,478.80000000004037
0.25720523603208667,478.9000000000404
-0.13409700906676003,479.0000000000404
0.07894551739170164,479.10000000004044
-0.1983997680304311,479.20000000004046
-0.11905916022120083,479.3000000000405
0.25305506454435367,479.4000000000405
0.3361517774765045,479.50000000004053
0.5201228917025296,479.60000000004055
0.3255917203370918,479.7000000000406
0.6512314549214046,479.8000000000406
-0.21775073986949292,479.9000000000406
0.3320145632085559,480.00000000004064
-0.16441340084796044,480.10000000004067
0.0004064217078051935,480.2000000000407
0.1270669891061938,480.3000000000407
-0.20731438530824572,480.40000000004073
0.25808212392318,480.50000000004076
0.2723176226383317,480.6000000000408
0.2082231538102442,480.7000000000408
-0.08288196980782947,480.8000000000408
-0.17239475901901788,480.90000000004085
0.05563812893969071,481.00000000004087
-0.1654294435558337,481.1000000000409
-0.03175178060083056,481.2000000000409
0.0010352049913284894,481.30000000004094
0.46273075763290683,481.40000000004096
0.34301667061646623,481.500000000041
0.26243034464892206,481.600000000041
-0.3296736175263998,481.70000000004103
-0.2857467967506089,481.80000000004105
0.17057127658520155,481.9000000000411
0.10168572631209871,482.0000000000411
0.3802736646567956,482.1000000000411
0.0818614568997982,482.20000000004114
0.25053280568069836,482.30000000004117
-0.26891069878977725,482.4000000000412
-0.5062476079547218,482.5000000000412
0.2905321012887146,482.60000000004123
-0.1798117774582089,482.70000000004126
0.19805598865214902,482.8000000000413
0.25204782896940126,482.9000000000413
0.1260149423535094,483.0000000000413
0.29702824766264535,483.10000000004135
-1.0301901115087775,483.20000000004137
0.4919318374500967,483.3000000000414
-0.20864715812916415,483.4000000000414
0.3202355397382275,483.50000000004144
0.7810264995636992,483.60000000004146
-0.32643786647118866,483.7000000000415
-0.061925157759714744,483.8000000000415
0.399379218129547,483.90000000004153
0.16200516479993066,484.00000000004155
0.07706746640857047,484.1000000000416
0.3675322366515299,484.2000000000416
0.11855712065634372,484.3000000000416
0.3690487655300888,484.40000000004164
0.21227488901065128,484.50000000004167
-0.49953758447813945,484.6000000000417
0.5255485699491398,484.7000000000417
0.5205321968987523,484.80000000004173
-0.5105912918272738,484.90000000004176
0.21242054546208816,485.0000000000418
-0.17778020960138993,485.1000000000418
0.4982956738351477,485.2000000000418
-0.06682889651715582,485.30000000004185
0.709630098124628,485.40000000004187
0.23520948041038017,485.5000000000419
0.2177595292149056,485.6000000000419
0.3580555494773453,485.70000000004194
-0.21024448269015258,485.80000000004196
-0.552825295005087,485.900000000042
-0.4971761081696996,486.000000000042
0.5372993982364683,486.10000000004203
-0.22522539455232252,486.20000000004205
0.5884370052183107,486.3000000000421
0.01637666420320165,486.4000000000421
0.2900972436957071,486.5000000000421
0.7902608378625409,486.60000000004214
-0.4694515582537402,486.70000000004217
0.3985397111847746,486.8000000000422
-0.032842195400708984,486.9000000000422
0.03440715262865317,487.00000000004223
0.3995358903877214,487.10000000004226
-0.02906417298940453,487.2000000000423
0.14760190367325632,487.3000000000423
-0.14594315658828202,487.4000000000423
0.2923059810692924,487.50000000004235
0.20449073235154547,487.60000000004237
0.04533898674652321,487.7000000000424
0.07415854156854425,487.8000000000424
0.6699201890279375,487.90000000004244
-0.08564826713772211,488.00000000004246
0.03425668523398545,488.1000000000425
0.1994540998904678,488.2000000000425
0.6693502104168418,488.30000000004253
0.2532539475636657,488.40000000004255
0.30870619094370544,488.5000000000426
0.18693948087317377,488.6000000000426
0.08540516236504786,488.7000000000426
-0.03274810786195198,488.80000000004264
0.22217872646368653,488.90000000004267
-0.08294247436283667,489.0000000000427
-0.0753130955581636,489.1000000000427
-0.19050726723447578,489.20000000004273
0.11931329646054886,489.30000000004276
0.02270425370855582,489.4000000000428
0.288515627565025,489.5000000000428
0.33031793479964694,489.6000000000428
0.01258236493142005,489.70000000004285
0.5101630551714272,489.80000000004287
0.3019500739433141,489.9000000000429
0.15023535896186416,490.0000000000429
0.33909340184379155,490.10000000004294
-0.15698867078695797,490.20000000004296
-0.20657735284063058,490.300000000043
0.32261694474827035,490.400000000043
0.18238218092925793,490.50000000004303
-0.0155823397309265,490.60000000004305
0.07061245050150942,490.7000000000431
-0.18832129989900911,490.8000000000431
0.1259484405577042,490.9000000000431
-0.1478302134234897,491.00000000004314
0.04947895657647345,491.10000000004317
0.1557545343342463,491.2000000000432
0.07372632344895018,491.3000000000432
0.08145308960070216,491.40000000004324
-0.06931454024114037,491.50000000004326
0.7688762984319856,491.6000000000433
0.04582637928911592,491.7000000000433
0.2063587187554104,491.8000000000433
0.3666360586737256,491.90000000004335
0.27570368667890766,492.00000000004337
0.323535255416871,492.1000000000434
0.04839641192571268,492.2000000000434
0.6236901647608742,492.30000000004344
0.34568803899633677,492.40000000004346
-0.19563219239457488,492.5000000000435
-0.0003888279751164403,492.6000000000435
0.26027855462139116,492.70000000004353
-0.2568555347928779,492.80000000004355
0.8682658079537221,492.9000000000436
-0.5154572421408684,493.0000000000436
0.28288922249636617,493.1000000000436
0.1763555020988128,493.20000000004364
0.09952270665941215,493.30000000004367
0.11536426549165901,493.4000000000437
0.23256660235505638,493.5000000000437
-0.2290750056592276,493.60000000004374
0.5228528606935808,493.70000000004376
0.46186164810846075,493.8000000000438
0.5096621858115107,493.9000000000438
-0.020574992350611207,494.0000000000438
-0.11822574484862883,494.10000000004385
-0.02363600517831939,494.2000000000439
0.5059419366161559,494.3000000000439
0.334853114059679,494.4000000000439
-0.07978395456532134,494.50000000004394
-0.3833589413428984,494.60000000004396
0.5525035291420723,494.700000000044
0.607788656382362,494.800000000044
0.0651945564588506,494.90000000004403
0.8940935217835144,495.00000000004405
-0.2414377518564709,495.1000000000441
0.04518407335119958,495.2000000000441
0.17778692632862142,495.3000000000441
0.02264087304289074,495.40000000004414
-0.04753574364738672,495.50000000004417
0.2735415027490905,495.6000000000442
0.01922657632011124,495.7000000000442
0.46463550579788937,495.80000000004424
-0.023993606648028964,495.90000000004426
0.15968573158219473,496.0000000000443
0.3752272503352001,496.1000000000443
0.02139431501755476,496.2000000000443
0.21435926649846979,496.30000000004435
-0.08599322022654979,496.4000000000444
0.05645424923527064,496.5000000000444
-0.009275739327968532,496.6000000000444
-0.5584658981783434,496.70000000004444
0.7454614644392814,496.80000000004446
0.4647350465108889,496.9000000000445
0.06874209128349718,497.0000000000445
0.3633988545368926,497.10000000004453
-0.2805554316463502,497.20000000004455
-0.133275852968984,497.3000000000446
0.39471781945209705,497.4000000000446
0.1424739504583872,497.5000000000446
-0.2027884935562355,497.60000000004464
0.5338984693020913,497.70000000004467
0.37657557984087886,497.8000000000447
-0.21657786939126691,497.9000000000447
-0.3793978019806642,498.00000000004474
0.0217560407980225,498.10000000004476
0.4102442276198487,498.2000000000448
-0.0788210258128933,498.3000000000448
0.27456016745164336,498.4000000000448
0.7079373984472601,498.50000000004485
-0.20387158729470475,498.6000000000449
0.5895564602056558,498.7000000000449
-0.06440028166974313,498.8000000000449
-0.26826885874986806,498.90000000004494
0.2578297731205458,499.00000000004496
0.16949118995985157,499.100000000045
-0.13657611352970053,499.200000000045
0.16876500332351538,499.30000000004503
-0.07935026893936264,499.40000000004505
0.5334697724218447,499.5000000000451
0.6229556615618655,499.6000000000451
0.458468546058718,499.7000000000451
-0.48249004448622945,499.80000000004515
-0.1293720216061703,499.90000000004517
-0.1337079311043496,500.0000000000452
-0.21750068941328535,500.1000000000452
0.3325418669591812,500.20000000004524
-0.038619220524948816,500.30000000004526
0.7533500039163574,500.4000000000453
0.45351796596183935,500.5000000000453
-0.25970828167388715,500.6000000000453
0.28164387190027296,500.70000000004535
-0.03712703246553237,500.8000000000454
0.3725796222166988,500.9000000000454
-0.06850726703401064,501.0000000000454
0.15856332563118464,501.10000000004544
0.6110827851403694,501.20000000004546
0.11234167230609902,501.3000000000455
0.2992311290755689,501.4000000000455
0.9450837908306852,501.50000000004553
0.1653509456060678,501.60000000004555
-0.28171611340122704,501.7000000000456
-0.31262846142340306,501.8000000000456
0.005203563961793445,501.9000000000456
0.1871230200579074,502.00000000004565
-0.011221741219444165,502.10000000004567
-0.23958843440287833,502.2000000000457
0.06519838969649534,502.3000000000457
-0.513413955559319,502.40000000004574
-0.1049426907110243,502.50000000004576
0.25298360804399833,502.6000000000458
0.13798250131988812,502.7000000000458
0.5684835045863376,502.8000000000458
0.5313906794548967,502.90000000004585
0.21424066811783915,503.0000000000459
0.5636924350428882,503.1000000000459
0.22058011765410218,503.2000000000459
-0.20197703007352993,503.30000000004594
-0.34676301329793957,503.40000000004596
-0.128719529954108,503.500000000046
-0.09286971019101231,503.600000000046
0.5013461723849072,503.70000000004603
-0.010894385066675352,503.80000000004605
-0.1997117078397778,503.9000000000461
0.2851186445132073,504.0000000000461
-0.08044265484634727,504.1000000000461
0.2848234958756034,504.20000000004615
0.2964762157789533,504.30000000004617
0.178315693593655,504.4000000000462
-0.10116441875762844,504.5000000000462
0.7298432812527609,504.60000000004624
-0.49551479551148225,504.70000000004626
-0.45798703522919615,504.8000000000463
0.2999530912530452,504.9000000000463
0.5053834826272804,505.0000000000463
0.04600330701188038,505.10000000004635
0.47464129056059523,505.2000000000464
0.31262735229151223,505.3000000000464
-0.24002437863504886,505.4000000000464
-0.19967204890564436,505.50000000004644
-0.16446197207533161,505.60000000004646
0.24197140398367636,505.7000000000465
0.6208263389587154,505.8000000000465
0.708421020799457,505.90000000004653
-0.019939873475420963,506.00000000004655
-0.026793989060628742,506.1000000000466
0.15651046169454727,506.2000000000466
0.23600918110613697,506.3000000000466
-0.04725095828866882,506.40000000004665
0.8048984441218231,506.50000000004667
0.5767411193716269,506.6000000000467
0.24326736366272783,506.7000000000467
-0.38744670681164983,506.80000000004674
0.024579381092634328,506.90000000004676
-0.39223666741197427,507.0000000000468
0.10300217633121209,507.1000000000468
0.0063645835581312565,507.2000000000468
-0.0732808974385602,507.30000000004685
0.5567667656460142,507.4000000000469
-0.7204594557466631,507.5000000000469
0.6055725852686037,507.6000000000469
-0.22210563621029436,507.70000000004694
0.4502885513774566,507.80000000004696
0.3951672982734201,507.900000000047
-0.17514408398671236,508.000000000047
0.15809701062352277,508.10000000004703
-0.1323180369463215,508.20000000004705
0.04762687115417814,508.3000000000471
0.2186365832141817,508.4000000000471
0.16407270226526435,508.5000000000471
0.03236864175927617,508.60000000004715
0.18520424652433198,508.70000000004717
0.01179431993665564,508.8000000000472
-0.3620606202235094,508.9000000000472
-0.11815813320951574,509.00000000004724
-0.057801627150253554,509.10000000004726
-0.6674769271535308,509.2000000000473
0.2625649300893563,509.3000000000473
-0.051894554654325464,509.4000000000473
0.08410073938161396,509.50000000004735
-0.15824802948907377,509.6000000000474
-0.25565558875789374,509.7000000000474
0.25185025227657876,509.8000000000474
0.23396571207146727,509.90000000004744
0.09615218850487545,510.00000000004746
-0.45307768897657374,510.1000000000475
0.2763097199249556,510.2000000000475
0.24201287069345484,510.30000000004753
0.37247974976982634,510.40000000004756
-0.04253074583204486,510.5000000000476
0.8699604203985766,510.6000000000476
-0.27388923957217726,510.7000000000476
0.24666246854884039,510.80000000004765
0.3943372628804669,510.90000000004767
0.06931351194604306,511.0000000000477
0.10496034478428323,511.1000000000477
-0.0833771589851309,511.20000000004774
-0.4000588696346904,511.30000000004776
0.15967951813065598,511.4000000000478
0.3795108245436951,511.5000000000478
0.17878656065073004,511.6000000000478
0.5664632774739541,511.70000000004785
0.5347874401407546,511.8000000000479
-0.055534827228178596,511.9000000000479
0.29717936056709565,512.0000000000479
-0.36665703520759463,512.1000000000479
0.12390810611081836,512.2000000000479
-0.16000484210810997,512.3000000000479
0.38975839608056917,512.400000000048
0.3834457922065325,512.500000000048
-0.15272843161568608,512.600000000048
0.43677905934160843,512.700000000048
0.21238391187373765,512.800000000048
0.20072035079027434,512.9000000000481
-0.5151438599229595,513.0000000000481
0.46773551099608757,513.1000000000481
-0.24306602081416975,513.2000000000481
-0.131307580017371,513.3000000000482
0.06314447864890196,513.4000000000482
-0.4267099642031934,513.5000000000482
0.0024012329108140384,513.6000000000482
0.11817034202110431,513.7000000000482
-0.13096405423649302,513.8000000000483
0.10325623944517377,513.9000000000483
0.13539646993208615,514.0000000000483
-0.2570195717721173,514.1000000000483
0.01543003937175165,514.2000000000484
0.18166893120924366,514.3000000000484
-0.010193152555079951,514.4000000000484
-0.13210420543609472,514.5000000000484
-0.19249891103621955,514.6000000000485
-0.26887464763183855,514.7000000000485
0.43905302146181036,514.8000000000485
0.21049932884574096,514.9000000000485
-0.02381937421083874,515.0000000000485
0.6239433809128953,515.1000000000486
0.32317752004921474,515.2000000000486
0.3663029063543497,515.3000000000486
0.36718624218902185,515.4000000000486
0.3807112136988937,515.5000000000487
0.3894521783382273,515.6000000000487
0.3620494673612491,515.7000000000487
0.36554641908272967,515.8000000000487
0.30823501833293343,515.9000000000487
-0.016625513101613504,516.0000000000488
0.17499485774801993,516.1000000000488
0.4561408440336323,516.2000000000488
0.16290676563397571,516.3000000000488
0.303025345445194,516.4000000000489
0.3054447596010629,516.5000000000489
0.02319475540828067,516.6000000000489
-0.10367201260965855,516.7000000000489
0.04135098240202052,516.800000000049
-0.06889522469043921,516.900000000049
-0.06670051863133558,517.000000000049
-0.02700284216113069,517.100000000049
-0.06945487413449794,517.200000000049
0.41668965088705323,517.3000000000491
-0.3548394218201124,517.4000000000491
0.19459085771766488,517.5000000000491
-0.24915538611847785,517.6000000000491
-0.10677592318147475,517.7000000000492
0.2327917438628423,517.8000000000492
0.012157384178090647,517.9000000000492
-0.39006778924387864,518.0000000000492
0.5320688279439016,518.1000000000492
0.2506542412013659,518.2000000000493
0.45201382628183184,518.3000000000493
-0.057843206835655164,518.4000000000493
0.32358278748351255,518.5000000000493
0.6498088106001454,518.6000000000494
-0.300762746084554,518.7000000000494
0.24527246492020224,518.8000000000494
0.022010587299019876,518.9000000000494
0.3056134155872502,519.0000000000495
-0.5168877839533117,519.1000000000495
0.4560427142018427,519.2000000000495
-0.1458007022036254,519.3000000000495
-0.23974096400335523,519.4000000000495
0.19844776794541846,519.5000000000496
0.28030115066144556,519.6000000000496
-0.05451945880790657,519.7000000000496
0.019955695235989446,519.8000000000496
0.45310074906038067,519.9000000000497
0.35342002363729674,520.0000000000497
-0.22708010939480247,520.1000000000497
0.017908550162407333,520.2000000000497
0.4330182490861646,520.3000000000497
0.3772021197355423,520.4000000000498
-0.3299594317483604,520.5000000000498
0.47173483143881667,520.6000000000498
0.2459199907358442,520.7000000000498
0.08950217278832076,520.8000000000499
-0.41691610195937556,520.9000000000499
0.18421912486194053,521.0000000000499
0.10175007171506557,521.1000000000499
1.025125744977348,521.20000000005
1.0788306533286374,521.30000000005
-0.322386588480683,521.40000000005
0.11334138486146865,521.50000000005
0.18541356536775322,521.60000000005
-0.2085129251951082,521.7000000000501
0.16848122035621527,521.8000000000501
0.10713678955380793,521.9000000000501
0.21575427905482614,522.0000000000501
-0.5944001216603852,522.1000000000502
0.7814904813678442,522.2000000000502
0.020858794011788334,522.3000000000502
0.36464913368649077,522.4000000000502
0.21933028043474567,522.5000000000502
-0.06497521821293262,522.6000000000503
0.21342347849010151,522.7000000000503
0.34005746054566055,522.8000000000503
0.2417227933939936,522.9000000000503
-0.19731664156186904,523.0000000000504
-0.3352744332539207,523.1000000000504
-0.5338565250178129,523.2000000000504
0.40705870296406643,523.3000000000504
0.3651292626577428,523.4000000000505
0.2873108886711772,523.5000000000505
0.11013633201308941,523.6000000000505
0.11286763576220935,523.7000000000505
0.22889456728632857,523.8000000000505
-0.10748624968293213,523.9000000000506
0.341748381339049,524.0000000000506
0.42024926676816665,524.1000000000506
-0.38934781624995574,524.2000000000506
-0.0280856279877916,524.3000000000507
0.45610924736849967,524.4000000000507
0.11147462098658555,524.5000000000507
-0.25446770402958463,524.6000000000507
0.9566556210979263,524.7000000000507
-0.28025757631999615,524.8000000000508
-0.46179958115799435,524.9000000000508
0.11132352400969998,525.0000000000508
0.29901344616303505,525.1000000000508
0.20578021685131187,525.2000000000509
0.3749540379833096,525.3000000000509
-0.04378819359419517,525.4000000000509
0.12207619019958355,525.5000000000509
-0.269707782642441,525.600000000051
-0.38471350693698025,525.700000000051
0.2940303160669472,525.800000000051
0.6550406026333216,525.900000000051
0.28574277416447,526.000000000051
0.044410686919878074,526.1000000000511
0.2954539003386054,526.2000000000511
0.6737774789975404,526.3000000000511
0.12268216630589626,526.4000000000511
0.43409763505253807,526.5000000000512
0.8397973074426648,526.6000000000512
-0.22404081197023842,526.7000000000512
0.23330753171745253,526.8000000000512
-0.30913482425696115,526.9000000000513
0.4541271096407734,527.0000000000513
0.21723643388518044,527.1000000000513
0.17768920557449358,527.2000000000513
0.13437768757790994,527.3000000000513
0.12373204230210119,527.4000000000514
-0.0437786191216189,527.5000000000514
-0.19097688827053935,527.6000000000514
0.2071406354386477,527.7000000000514
-0.07493462375497137,527.8000000000515
0.386430002440016,527.9000000000515
0.14457529754078588,528.0000000000515
-0.3933724508989245,528.1000000000515
-0.0333784834312752,528.2000000000515
-0.21678626673077647,528.3000000000516
-0.7848192146871937,528.4000000000516
0.3105968209121855,528.5000000000516
0.24136566704998327,528.6000000000516
0.3937083132982576,528.7000000000517
0.40739156082228023,528.8000000000517
-0.09071252930581572,528.9000000000517
0.055773027808000385,529.0000000000517
-0.002160081801332328,529.1000000000518
0.7807643679081931,529.2000000000518
-0.2516623272634394,529.3000000000518
0.373463911937187,529.4000000000518
0.4855518187442054,529.5000000000518
-0.254061495372773,529.6000000000519
-0.13417256368615574,529.7000000000519
-0.22338501195946378,529.8000000000519
-0.006490278235592409,529.9000000000519
0.3228956885306521,530.000000000052
0.3153674677703717,530.100000000052
-0.11034299437892967,530.200000000052
0.1913707929966846,530.300000000052
0.6840123766385746,530.400000000052
-0.21334056747599703,530.5000000000521
0.06451876494540948,530.6000000000521
0.10183339937873566,530.7000000000521
0.6302102014566088,530.8000000000521
-0.3270677945956345,530.9000000000522
-0.3214967750783275,531.0000000000522
-0.4130281466853901,531.1000000000522
0.15032980635879206,531.2000000000522
-0.09804409203066569,531.3000000000523
-0.23958958823951018,531.4000000000523
-0.11381777670749618,531.5000000000523
-0.08542284112395726,531.6000000000523
-0.35457917714846376,531.7000000000523
-0.22619150274368802,531.8000000000524
-0.23791719991977436,531.9000000000524
0.5171470563707993,532.0000000000524
-0.5147946698063266,532.1000000000524
0.0017882549145111643,532.2000000000525
-0.15988902493274113,532.3000000000525
0.292715305838881,532.4000000000525
-0.15578145909815258,532.5000000000525
-0.02706427864081351,532.6000000000525
0.29142345176274775,532.7000000000526
0.08976378958429192,532.8000000000526
0.0372922725272357,532.9000000000526
0.5973270958602345,533.0000000000526
-0.3907290593509787,533.1000000000527
0.3443166314116435,533.2000000000527
-0.17745122764012453,533.3000000000527
0.20816027121846598,533.4000000000527
-0.17084214348376023,533.5000000000528
0.34696079280246417,533.6000000000528
-0.4648417318578576,533.7000000000528
0.13645453213376907,533.8000000000528
0.10845697855168662,533.9000000000528
0.09174398569189428,534.0000000000529
0.1711472430100724,534.1000000000529
-0.07564894630586141,534.2000000000529
-0.3726661108443069,534.3000000000529
0.7886766815411386,534.400000000053
0.0252565098716431,534.500000000053
0.07925659734499188,534.600000000053
-0.4842745834686314,534.700000000053
0.06623718525002806,534.800000000053
-0.0179781727103428,534.9000000000531
-0.027787960839668585,535.0000000000531
0.3969004025534262,535.1000000000531
0.1854148884627863,535.2000000000531
0.0882982878030315,535.3000000000532
0.09989010601429034,535.4000000000532
0.2477850742403465,535.5000000000532
-0.22366693120124112,535.6000000000532
-0.3914324119786097,535.7000000000533
0.6095965575307938,535.8000000000533
0.1056895992999477,535.9000000000533
-0.2320291498089788,536.0000000000533
0.15327917919779677,536.1000000000533
0.14040304100503392,536.2000000000534
0.0389388820723575,536.3000000000534
0.17273685844239522,536.4000000000534
-0.06888624066648802,536.5000000000534
-0.4363038445820606,536.6000000000535
0.34472030095223527,536.7000000000535
0.032188185982612014,536.8000000000535
0.20687025991245583,536.9000000000535
-0.10093581189538714,537.0000000000535
-0.2153646239599661,537.1000000000536
0.04361985329686504,537.2000000000536
0.21757189204127927,537.3000000000536
0.17684831937684922,537.4000000000536
0.09750664680355264,537.5000000000537
0.22430747563504144,537.6000000000537
0.1911495899598043,537.7000000000537
-0.003636709254020154,537.8000000000537
0.35964963611202294,537.9000000000538
0.2690731465275751,538.0000000000538
-0.35865303607860866,538.1000000000538
-0.132742766686584,538.2000000000538
-0.07726137686991677,538.3000000000538
-0.0574827268929351,538.4000000000539
0.858882599993124,538.5000000000539
-0.20885774754944506,538.6000000000539
0.979498505025212,538.7000000000539
0.012896550599116346,538.800000000054
-0.08957283325755686,538.900000000054
0.18207447310515107,539.000000000054
-0.200708480474912,539.100000000054
0.10350051356087525,539.200000000054
-0.12439149284425965,539.3000000000541
-0.143027276659118,539.4000000000541
-0.3615569350422173,539.5000000000541
0.2277912058367989,539.6000000000541
0.5819669958391479,539.7000000000542
-0.11893215117937328,539.8000000000542
0.06341992047043638,539.9000000000542
0.22559200319918982,540.0000000000542
-0.006190194625520853,540.1000000000543
0.27272794128933564,540.2000000000543
0.3238206062678891,540.3000000000543
0.40097625510860047,540.4000000000543
0.12856489572352775,540.5000000000543
-0.06362966319554833,540.6000000000544
0.508946964630444,540.7000000000544
-0.45955302926655095,540.8000000000544
-0.13277102967929072,540.9000000000544
0.1340541147732386,541.0000000000545
0.40985252409707595,541.1000000000545
-0.013128590784844019,541.2000000000545
0.4958399838843265,541.3000000000545
0.4210707704640062,541.4000000000545
-0.05131879749653065,541.5000000000546
0.08027389095147561,541.6000000000546
0.28413502581472505,541.7000000000546
-0.07907790198118048,541.8000000000546
0.12706915154687165,541.9000000000547
-0.44164572340419805,542.0000000000547
0.06768257532284841,542.1000000000547
0.31038581633702206,542.2000000000547
0.08704253016429195,542.3000000000548
0.8529223795093918,542.4000000000548
0.0016448537228013482,542.5000000000548
0.11854242443670535,542.6000000000548
0.2371616802106919,542.7000000000548
-0.0013335852731727466,542.8000000000549
0.36019444225808517,542.9000000000549
0.49864540989817896,543.0000000000549
-0.04433906428216633,543.1000000000549
-0.09763638085924276,543.200000000055
0.3294667557623303,543.300000000055
-0.1481998679763247,543.400000000055
-0.35023028030125447,543.500000000055
-0.26632385231089606,543.600000000055
0.22462380569108364,543.7000000000551
-0.15968207012517935,543.8000000000551
0.04184334703434648,543.9000000000551
-0.09196719418579,544.0000000000551
-0.12755439169809307,544.1000000000552
0.8036056444445585,544.2000000000552
0.09800379009271719,544.3000000000552
0.0003129372918165424,544.4000000000552
-0.36205081721286114,544.5000000000553
0.0964174849079707,544.6000000000553
0.7969645630666109,544.7000000000553
-0.7580976241215981,544.8000000000553
0.012931644206406176,544.9000000000553
0.3121700927424348,545.0000000000554
0.2824891487325686,545.1000000000554
0.44864730109467366,545.2000000000554
0.4228148208049013,545.3000000000554
-0.341609005140323,545.4000000000555
0.4174685350974199,545.5000000000555
-0.09594950898788232,545.6000000000555
-0.1265085506399526,545.7000000000555
0.5143251948783928,545.8000000000555
0.022136134920224995,545.9000000000556
0.04779752092764982,546.0000000000556
0.1703179477611616,546.1000000000556
-0.16484464642082922,546.2000000000556
0.5149410108172141,546.3000000000557
0.08492847727965187,546.4000000000557
0.16506407333859052,546.5000000000557
-0.01890081598686745,546.6000000000557
-0.7182057400507208,546.7000000000558
0.13749752540561344,546.8000000000558
0.5488572817353241,546.9000000000558
0.5014731517213995,547.0000000000558
0.10282900533135482,547.1000000000558
0.06382610088329424,547.2000000000559
0.0810941204859584,547.3000000000559
-0.08535601862051309,547.4000000000559
-0.03059674636110149,547.5000000000559
-0.4295777018997353,547.600000000056
0.4785771675015721,547.700000000056
-0.04560417180010243,547.800000000056
-0.182640723473621,547.900000000056
0.663168808604529,548.000000000056
0.1954413260361052,548.1000000000561
0.5803014946137095,548.2000000000561
0.13805407663735114,548.3000000000561
0.1347926580632992,548.4000000000561
0.41725904609565145,548.5000000000562
-0.30517060686003195,548.6000000000562
0.28024447160899096,548.7000000000562
0.17398571853254455,548.8000000000562
0.14360119247047307,548.9000000000563
-0.011367501904724936,549.0000000000563
-0.05450681868884236,549.1000000000563
-0.15412914170142514,549.2000000000563
-0.18044293329767255,549.3000000000563
0.6647081452560127,549.4000000000564
0.46507434602963715,549.5000000000564
0.4716877977811019,549.6000000000564
-0.07074733777569456,549.7000000000564
0.5319508523997435,549.8000000000565
0.31271064491240963,549.9000000000565
-0.20544354012576957,550.0000000000565
0.19010712707733562,550.1000000000565
-0.2765264067733627,550.2000000000565
0.37472044218644995,550.3000000000566
0.20653987145070565,550.4000000000566
0.4761047205871828,550.5000000000566
0.06779666631269289,550.6000000000566
0.43968466098856285,550.7000000000567
0.20659237891128712,550.8000000000567
0.24067926136383092,550.9000000000567
0.09871329585975616,551.0000000000567
-0.27399441525705404,551.1000000000568
0.32226803598012915,551.2000000000568
-0.302670463376027,551.3000000000568
-0.004570881283601655,551.4000000000568
-0.4262157597442915,551.5000000000568
0.3024438066907353,551.6000000000569
-0.8493083699609644,551.7000000000569
0.13860496270410722,551.8000000000569
0.25600078655131536,551.9000000000569
0.22789711751281252,552.000000000057
-0.13866063534286313,552.100000000057
0.4069015487928235,552.200000000057
0.3495296944805387,552.300000000057
-0.4122398948156828,552.400000000057
-0.13515274380744507,552.5000000000571
-0.09110932332388957,552.6000000000571
0.26093643039238307,552.7000000000571
0.5702453149479749,552.8000000000571
0.3427456522926352,552.9000000000572
-0.3253542325234816,553.0000000000572
-0.033010134374792666,553.1000000000572
0.06299404080875481,553.2000000000572
0.24409674752966812,553.3000000000573
-0.2087708447883909,553.4000000000573
0.36923825659185794,553.5000000000573
0.20710415553302414,553.6000000000573
0.4616005331875931,553.7000000000573
0.45462051097864187,553.8000000000574
0.5140867147378254,553.9000000000574
0.34004111671771775,554.0000000000574
0.3365260689016638,554.1000000000574
-0.15041401244143152,554.2000000000575
-0.2960517433566099,554.3000000000575
-0.3841367274644506,554.4000000000575
-0.12733175623157147,554.5000000000575
0.3352040677208029,554.6000000000575
0.2034200176719912,554.7000000000576
0.2244881022357127,554.8000000000576
0.4219635779439017,554.9000000000576
-0.16279616483493778,555.0000000000576
0.010433774767297718,555.1000000000577
0.23615632197270334,555.2000000000577
-0.11895718960462806,555.3000000000577
-0.24234326657651725,555.4000000000577
-0.008352114698449209,555.5000000000578
0.0937653130441644,555.6000000000578
0.09169320033119939,555.7000000000578
-0.4329084944248175,555.8000000000578
-0.3105017809952092,555.9000000000578
0.33124429942646766,556.0000000000579
0.2849720526904105,556.1000000000579
-0.5031786211024036,556.2000000000579
0.29523791852317316,556.3000000000579
0.054768720195486606,556.400000000058
0.08783356193029304,556.500000000058
-0.17306490004218286,556.600000000058
0.13293418369728585,556.700000000058
-0.14831557677848878,556.800000000058
-0.20958580686446468,556.9000000000581
-0.030436663053039492,557.0000000000581
0.2846859723702638,557.1000000000581
0.24116459674124652,557.2000000000581
0.46120558916116705,557.3000000000582
0.3214233482167142,557.4000000000582
0.19245255633595554,557.5000000000582
0.3217433031767728,557.6000000000582
0.5304279137927425,557.7000000000583
0.23007850215002779,557.8000000000583
0.16016904598497508,557.9000000000583
-0.5832588830706681,558.0000000000583
0.43977937493425534,558.1000000000583
0.48302270705426986,558.2000000000584
-0.20041477866042132,558.3000000000584
0.30322804239885476,558.4000000000584
-0.1716023929247383,558.5000000000584
0.3013815679835705,558.6000000000585
0.018097404498463948,558.7000000000585
-0.049901168082558844,558.8000000000585
0.6022428756740619,558.9000000000585
-0.1692848764307847,559.0000000000585
0.31476484878094085,559.1000000000586
-0.13061560354765817,559.2000000000586
-0.04061695469690557,559.3000000000586
-0.35548981334858165,559.4000000000586
0.7449668371974503,559.5000000000587
0.26428453159022547,559.6000000000587
-0.18114763689127508,559.7000000000587
-0.3270255469540507,559.8000000000587
0.03964572117682176,559.9000000000588
0.33768854113273084,560.0000000000588
0.07993001520154144,560.1000000000588
0.4294711248486879,560.2000000000588
0.23249808851897857,560.3000000000588
0.4863931081487204,560.4000000000589
0.13232076738061704,560.5000000000589
0.7028520101800401,560.6000000000589
0.2905197896903452,560.7000000000589
0.37713512807952054,560.800000000059
0.012078886019446941,560.900000000059
0.03454359999170657,561.000000000059
0.2720033962933742,561.100000000059
0.04925001654070826,561.200000000059
0.2466401201216529,561.3000000000591
0.06817553486769448,561.4000000000591
0.3655633551955857,561.5000000000591
0.06384721924644679,561.6000000000591
0.45587422756333484,561.7000000000592
-0.16734133786778901,561.8000000000592
-0.3917144346471517,561.9000000000592
-0.09971369725757767,562.0000000000592
0.28159080415782123,562.1000000000593
0.43057351502184416,562.2000000000593
0.2687396674205438,562.3000000000593
-0.04970543813105968,562.4000000000593
-0.2991508979745682,562.5000000000593
0.525957799258866,562.6000000000594
0.5807767916453429,562.7000000000594
0.481374215415448,562.8000000000594
0.21256453994109442,562.9000000000594
-0.23556656732357048,563.0000000000595
0.301215402513485,563.1000000000595
1.058150941161702,563.2000000000595
0.014529595659023939,563.3000000000595
0.03453823434327753,563.4000000000595
0.047865927929585356,563.5000000000596
0.01317675341321635,563.6000000000596
-0.6667838641372307,563.7000000000596
0.24154028226023708,563.8000000000596
0.10786017636208865,563.9000000000597
-0.09712918838058046,564.0000000000597
-0.3963286678170783,564.1000000000597
0.31942754100777154,564.2000000000597
0.7207254996754856,564.3000000000598
-0.09290762245650735,564.4000000000598
0.4900797264993111,564.5000000000598
-0.10379232456753135,564.6000000000598
-0.40909647850607345,564.7000000000598
0.275691531737121,564.8000000000599
0.008912703771130723,564.9000000000599
-0.24293807345343457,565.0000000000599
-0.04046988360157755,565.1000000000599
0.07565430004078758,565.20000000006
-0.21271766371378584,565.30000000006
0.049775193728376355,565.40000000006
0.22304466074528784,565.50000000006
-0.09277883361818681,565.60000000006
-0.5820195550524582,565.7000000000601
-0.006853828850562266,565.8000000000601
0.37247409542666376,565.9000000000601
0.3506277816596073,566.0000000000601
-0.2833316638728184,566.1000000000602
-0.4919671434710161,566.2000000000602
-0.16803763926947238,566.3000000000602
0.1086041643769959,566.4000000000602
-0.2615788743964935,566.5000000000603
-0.006677023582570413,566.6000000000603
-0.7214681015348257,566.7000000000603
0.06418640829489847,566.8000000000603
0.21720135258786571,566.9000000000603
0.7393611335037075,567.0000000000604
-0.39439716020599114,567.1000000000604
-0.09998551956084176,567.2000000000604
0.2687705303391189,567.3000000000604
0.598773044331507,567.4000000000605
-0.3103322288060104,567.5000000000605
0.08904422271168083,567.6000000000605
0.4854751862738892,567.7000000000605
-0.08230875783709768,567.8000000000605
0.31232138924343855,567.9000000000606
-0.04307329207290081,568.0000000000606
-0.0344647191738105,568.1000000000606
0.04472990404135304,568.2000000000606
-0.10395916317634504,568.3000000000607
0.14920836691717942,568.4000000000607
0.015100219146169755,568.5000000000607
-0.21263804943070894,568.6000000000607
0.4486014811457436,568.7000000000608
0.4702996026555981,568.8000000000608
0.1905909586922996,568.9000000000608
0.24652992759926068,569.0000000000608
0.46091535424839747,569.1000000000608
0.45623270576803787,569.2000000000609
0.48947531103450814,569.3000000000609
-0.1130798859847254,569.4000000000609
0.23905570759886238,569.5000000000609
-0.36796899053060483,569.600000000061
0.132810043756319,569.700000000061
0.3267539245546576,569.800000000061
-0.13436624553807722,569.900000000061
0.24484019718419844,570.000000000061
-0.6543752980487488,570.1000000000611
0.46540612077651966,570.2000000000611
0.452036595020717,570.3000000000611
-0.30183063655292486,570.4000000000611
0.030829064297299605,570.5000000000612
0.16516356738112076,570.6000000000612
0.2991099839145579,570.7000000000612
0.07604787723010108,570.8000000000612
-0.1504080722296288,570.9000000000613
0.20421701660740532,571.0000000000613
0.025831880766437817,571.1000000000613
0.12562319248145187,571.2000000000613
-0.016396907264263128,571.3000000000613
0.00864186634778115,571.4000000000614
-0.19892379870412516,571.5000000000614
0.01435576244367237,571.6000000000614
-0.359889252442983,571.7000000000614
0.7060607435629507,571.8000000000615
0.8028629260358627,571.9000000000615
0.8671510415577034,572.0000000000615
-0.2260947662811332,572.1000000000615
0.4127044869999883,572.2000000000616
-0.04571235040059893,572.3000000000616
0.1505739142066348,572.4000000000616
-0.26149761513250747,572.5000000000616
0.4429212599819238,572.6000000000616
0.5338013912235094,572.7000000000617
0.47229209919283766,572.8000000000617
0.05664235962476547,572.9000000000617
0.20898612706220976,573.0000000000617
-0.24451045867334328,573.1000000000618
0.36510532102009485,573.2000000000618
0.22630557538855559,573.3000000000618
-0.29731808757403555,573.4000000000618
-0.11019152544387101,573.5000000000618
-0.2799862918322542,573.6000000000619
-0.0797320661306063,573.7000000000619
0.3990372856209613,573.8000000000619
-0.24382864377940092,573.9000000000619
0.4137128062049088,574.000000000062
0.19409433671437976,574.100000000062
0.20082698977568544,574.200000000062
0.04245667205820592,574.300000000062
-0.6266331870738411,574.400000000062
0.445797153735659,574.5000000000621
-0.19602689641575102,574.6000000000621
0.247890737507431,574.7000000000621
0.3245475204964636,574.8000000000621
0.06501954866074522,574.9000000000622
0.34157254021784156,575.0000000000622
-0.1749787404828961,575.1000000000622
0.2005483508676677,575.2000000000622
-0.028085841507897363,575.3000000000623
0.6038306954189641,575.4000000000623
0.047677716158068394,575.5000000000623
-0.08683711510033332,575.6000000000623
0.1534182858070638,575.7000000000623
0.1538995757845159,575.8000000000624
0.33192114485321034,575.9000000000624
0.3800080476183497,576.0000000000624
0.5519307033752014,576.1000000000624
-0.059205560767014,576.2000000000625
-0.30156173977810163,576.3000000000625
-0.31723910772955033,576.4000000000625
0.5634807321961378,576.5000000000625
0.24582740801535324,576.6000000000626
0.5658054706216371,576.7000000000626
0.013756340800187561,576.8000000000626
0.24010138322742713,576.9000000000626
0.1309717985723864,577.0000000000626
0.8050725919553822,577.1000000000627
-0.09852312284946285,577.2000000000627
0.3756492812806411,577.3000000000627
0.31591702102363317,577.4000000000627
0.27670296322050103,577.5000000000628
0.426037318824522,577.6000000000628
0.3408253621125077,577.7000000000628
-0.17640123057456633,577.8000000000628
0.15524047342935027,577.9000000000628
0.11392426944551988,578.0000000000629
0.14388854182412472,578.1000000000629
0.6228189906700397,578.2000000000629
0.18325162542532158,578.3000000000629
-0.18581264761843977,578.400000000063
0.0786788231882773,578.500000000063
0.17985806216418582,578.600000000063
0.7295206657770944,578.700000000063
0.008999943412089734,578.800000000063
-0.38074897288902965,578.9000000000631
0.08791767277542321,579.0000000000631
0.163493560995539,579.1000000000631
0.6224675790599044,579.2000000000631
-0.09847451320939685,579.3000000000632
0.31628812668202433,579.4000000000632
0.16328229050268667,579.5000000000632
1.0142665347836834,579.6000000000632
0.14382655430130337,579.7000000000633
0.3241230219785478,579.8000000000633
0.13202517219748722,579.9000000000633
-0.26910318632387165,580.0000000000633
0.20921752811076605,580.1000000000633
0.08179386833941252,580.2000000000634
-0.36252006527002556,580.3000000000634
0.5524951491556753,580.4000000000634
-0.37883518926865145,580.5000000000634
0.3481594558358921,580.6000000000635
0.2852624205088937,580.7000000000635
-0.23985788475958983,580.8000000000635
0.16614571796871055,580.9000000000635
-0.2016438576028088,581.0000000000636
0.07651294364594005,581.1000000000636
0.02468159962705195,581.2000000000636
-0.15011671081488073,581.3000000000636
-0.016022121752520213,581.4000000000636
0.23912761714887734,581.5000000000637
0.3883959101993162,581.6000000000637
0.36598446996532397,581.7000000000637
-0.2165569718764441,581.8000000000637
0.5322769656800914,581.9000000000638
-0.13132124175898957,582.0000000000638
0.5685830454355649,582.1000000000638
-0.3398033338665083,582.2000000000638
0.6387470138469892,582.3000000000638
0.13385225709851034,582.4000000000639
0.7167003233159924,582.5000000000639
0.1458331232135525,582.6000000000639
0.2689952090827494,582.7000000000639
0.2886494849047204,582.800000000064
-0.13667938092807977,582.900000000064
0.19462586721638953,583.000000000064
0.2076832285266983,583.100000000064
0.30216902036981874,583.200000000064
0.3119836576801448,583.3000000000641
0.1732975044908282,583.4000000000641
0.18964112481148582,583.5000000000641
-0.6320001255363482,583.6000000000641
-0.15820085927206398,583.7000000000642
0.07143249442867354,583.8000000000642
-0.3892300142275643,583.9000000000642
-0.36563688843572295,584.0000000000642
-0.1169014338942026,584.1000000000643
0.1520345671805688,584.2000000000643
0.005328839895077778,584.3000000000643
-0.1012074083230261,584.4000000000643
-0.18521163937786192,584.5000000000643
-0.414735381387623,584.6000000000644
-0.03648797077022292,584.7000000000644
0.3816713419823683,584.8000000000644
-0.2784098886344667,584.9000000000644
-0.5250474014995449,585.0000000000645
-0.2073558361317878,585.1000000000645
0.41418491924497736,585.2000000000645
0.14238358804651002,585.3000000000645
-0.03201123045573234,585.4000000000646
-0.28070950430846375,585.5000000000646
0.01003233006751686,585.6000000000646
0.08103563077678608,585.7000000000646
0.10619056283120613,585.8000000000646
-0.4118128763664105,585.9000000000647
0.19303448186759803,586.0000000000647
0.37506982039134174,586.1000000000647
0.0023329018037507865,586.2000000000647
-0.0007493536527884703,586.3000000000648
0.2250426311626263,586.4000000000648
-0.007250796353396968,586.5000000000648
0.4138987635012089,586.6000000000648
0.11886505672699019,586.7000000000648
-0.06412048908920565,586.8000000000649
0.3005159795628749,586.9000000000649
-0.17240612205770786,587.0000000000649
-0.12208518293388773,587.1000000000649
-0.06580413015368522,587.200000000065
0.36484185331245234,587.300000000065
-0.22359204238817162,587.400000000065
0.24989637956382799,587.500000000065
0.7304784291255602,587.600000000065
0.039286778449388576,587.7000000000651
0.69227601053192,587.8000000000651
-0.12065762310964873,587.9000000000651
-0.20009107976990073,588.0000000000651
0.34722768732687204,588.1000000000652
0.2450707546218406,588.2000000000652
0.44443860668038215,588.3000000000652
-0.16916274606499068,588.4000000000652
0.2383804270366085,588.5000000000653
-0.21826477443254635,588.6000000000653
-0.0997040398129628,588.7000000000653
-0.050151676266009915,588.8000000000653
-0.05477016447170918,588.9000000000653
-0.14381131022703783,589.0000000000654
-0.5315189283350439,589.1000000000654
-0.0956930396211206,589.2000000000654
0.3608884352910069,589.3000000000654
0.5098043611745707,589.4000000000655
-0.4547913583901195,589.5000000000655
0.45689198543415355,589.6000000000655
0.357427938201455,589.7000000000655
-0.05325967443037563,589.8000000000656
0.28300395477906515,589.9000000000656
0.08523916970925223,590.0000000000656
0.11606261088981072,590.1000000000656
0.24056420919757904,590.2000000000656
0.40277232449762146,590.3000000000657
0.1021785516280333,590.4000000000657
0.1718755052220795,590.5000000000657
0.44927788215638464,590.6000000000657
0.4874751121554617,590.7000000000658
0.1087707714899434,590.8000000000658
0.4056030765630305,590.9000000000658
0.03902126780802115,591.0000000000658
0.2285735069285125,591.1000000000658
0.42657695149568275,591.2000000000659
0.11512592403556837,591.3000000000659
0.6053760568956896,591.4000000000659
0.08618295253171211,591.5000000000659
-0.20216372031746818,591.600000000066
-0.0023616920512389006,591.700000000066
-0.2634950030450308,591.800000000066
0.1913064157810863,591.900000000066
-0.5420105951559271,592.000000000066
-0.01878833970352982,592.1000000000661
-0.3600391698868547,592.2000000000661
0.5073546741197612,592.3000000000661
-0.3878048357413777,592.4000000000661
-0.2927693890730041,592.5000000000662
0.40219709959872696,592.6000000000662
-0.2616817923676048,592.7000000000662
0.1642768965212114,592.8000000000662
0.18594505956616553,592.9000000000663
-0.09422194910625703,593.0000000000663
0.27331398898716325,593.1000000000663
0.46742451553769127,593.2000000000663
0.2397046386002584,593.3000000000663
-0.043661863622674796,593.4000000000664
-0.03384591597198952,593.5000000000664
-0.515126124575768,593.6000000000664
0.2113651732662764,593.7000000000664
-0.4715327644849522,593.8000000000665
-0.3312092253950688,593.9000000000665
0.248076090815537,594.0000000000665
-0.02970834922043253,594.1000000000665
-0.35021725931493275,594.2000000000666
0.24818815460120933,594.3000000000666
0.3061891139943945,594.4000000000666
-0.245745529590679,594.5000000000666
-0.23697346951019047,594.6000000000666
0.10121192424362338,594.7000000000667
-0.4279998904219502,594.8000000000667
0.10193963776395519,594.9000000000667
-0.5088526965413104,595.0000000000667
0.49169298467239064,595.1000000000668
0.04690760537544972,595.2000000000668
0.5455483350637196,595.3000000000668
0.2554910263649406,595.4000000000668
-0.21182747478333505,595.5000000000668
-0.3316597154211577,595.6000000000669
0.08324972460353411,595.7000000000669
0.30673430853227823,595.8000000000669
0.21700937579664292,595.9000000000669
-0.17996959961510092,596.000000000067
0.24668128627512284,596.100000000067
-0.4394077118549389,596.200000000067
0.18565700158136111,596.300000000067
-0.1082160032436881,596.400000000067
-0.2004806037422994,596.5000000000671
-0.11159091388601497,596.6000000000671
0.30726496934960856,596.7000000000671
0.4897742028270672,596.8000000000671
-0.026515363912232054,596.9000000000672
-0.4506517329566119,597.0000000000672
0.20536402015012004,597.1000000000672
0.19825745975276574,597.2000000000672
0.7613189328277546,597.3000000000673
0.22111733384209514,597.4000000000673
-0.34877893887808253,597.5000000000673
0.017782654951632573,597.6000000000673
-0.24830258064407693,597.7000000000673
0.11886924031786933,597.8000000000674
-0.12662247735189183,597.9000000000674
-0.30518047576236085,598.0000000000674
-0.0023495717309345576,598.1000000000674
0.04823474102792933,598.2000000000675
-0.3985576741679089,598.3000000000675
-0.08314921992698196,598.4000000000675
-0.011370496361692753,598.5000000000675
0.25243642805363387,598.6000000000676
0.37247835472988966,598.7000000000676
0.46502537356548035,598.8000000000676
0.08417535948632437,598.9000000000676
-0.08735047421268863,599.0000000000676
0.30760658767264026,599.1000000000677
0.13380706569605566,599.2000000000677
0.3077826123581766,599.3000000000677
-0.08500205697689786,599.4000000000677
0.08826516879404137,599.5000000000678
0.29350545273603634,599.6000000000678
-0.3677901829572777,599.7000000000678
-0.15215000692214045,599.8000000000678
0.13144296593624308,599.9000000000678
0.46672872737856674,600.0000000000679
0.4343789971478029,600.1000000000679
-0.1295659200225318,600.2000000000679
0.012970914417865034,600.3000000000679
0.22082309358095753,600.400000000068
0.33523805736763745,600.500000000068
-0.06127950842893201,600.600000000068
0.24978213533038948,600.700000000068
-0.423575277647147,600.800000000068
0.4753728762621714,600.9000000000681
-0.18174211450827324,601.0000000000681
0.7624062871733718,601.1000000000681
0.260444935529641,601.2000000000681
0.08276246615336164,601.3000000000682
-0.057306122814950455,601.4000000000682
0.21256963773528637,601.5000000000682
0.48409284496780924,601.6000000000682
-0.06281975672002743,601.7000000000683
0.017854349961471547,601.8000000000683
-0.5226737590945866,601.9000000000683
-0.22967397369459355,602.0000000000683
0.4187058731837533,602.1000000000683
0.349586168709512,602.2000000000684
-0.1392228883739436,602.3000000000684
-0.2823045960430335,602.4000000000684
-0.11041929953328933,602.5000000000684
-0.07838129338775407,602.6000000000685
0.11356982525168319,602.7000000000685
0.3268245500822277,602.8000000000685
0.47438375158412627,602.9000000000685
-0.2632909959297307,603.0000000000686
0.2603564539303279,603.1000000000686
-0.3373852743632192,603.2000000000686
0.49551530974834657,603.3000000000686
0.3745806793901466,603.4000000000686
0.6345795037024233,603.5000000000687
-0.028415055113113402,603.6000000000687
-0.09498756924700014,603.7000000000687
-0.11265705922250524,603.8000000000687
0.4485258880476616,603.9000000000688
0.3233057176470323,604.0000000000688
0.5325644311787975,604.1000000000688
0.20912736814901967,604.2000000000688
-0.4425125620041096,604.3000000000688
0.10478170632870124,604.4000000000689
-0.20302769368682735,604.5000000000689
0.7425327198466641,604.6000000000689
0.510998573056553,604.7000000000689
0.00010066678226944292,604.800000000069
0.45260536647078886,604.900000000069
-0.34549825705403003,605.000000000069
0.056077267633417326,605.100000000069
-0.2758295172572788,605.200000000069
0.30025904685172944,605.3000000000691
-0.24814693276043434,605.4000000000691
0.11977903814838822,605.5000000000691
0.5718467972333431,605.6000000000691
-0.1538909273234679,605.7000000000692
0.06028797849466787,605.8000000000692
-0.019514583273091995,605.9000000000692
-0.34298255573222836,606.0000000000692
0.4267354324441347,606.1000000000693
-0.08724081109337631,606.2000000000693
0.02277770058353029,606.3000000000693
-0.12949399286995372,606.4000000000693
0.062209971835750236,606.5000000000693
0.18460168858806447,606.6000000000694
0.18040533412833348,606.7000000000694
0.004605823186618896,606.8000000000694
0.15566679539042605,606.9000000000694
-0.25835051069921633,607.0000000000695
0.05283301059115845,607.1000000000695
0.4328524270454024,607.2000000000695
-0.00916575325543302,607.3000000000695
-0.19286369327502986,607.4000000000696
0.4082704210483675,607.5000000000696
-0.10762398164026515,607.6000000000696
0.6893567288102452,607.7000000000696
0.11590361723047585,607.8000000000696
-0.23180441166371682,607.9000000000697
0.3393135345448105,608.0000000000697
-0.21223700471930826,608.1000000000697
-0.23815602520369536,608.2000000000697
0.5348724166535469,608.3000000000698
-0.11538180892374278,608.4000000000698
0.4395014506981326,608.5000000000698
0.7240618373338812,608.6000000000698
-0.5856304143774407,608.7000000000698
0.3056172049752845,608.8000000000699
0.2485856382501699,608.9000000000699
0.2046075297466109,609.0000000000699
0.24263061116852586,609.1000000000699
-0.4310367140165736,609.20000000007
-0.22363730156088626,609.30000000007
-0.049031406833801694,609.40000000007
-0.19141424712852714,609.50000000007
0.42943639223541186,609.60000000007
0.2478689650698608,609.7000000000701
0.6274598126426859,609.8000000000701
-0.003980328291003893,609.9000000000701
0.3664658020554661,610.0000000000701
0.07693852747617153,610.1000000000702
0.3652342732955647,610.2000000000702
0.35823764647695266,610.3000000000702
0.005648463935303646,610.4000000000702
-0.18587529581152315,610.5000000000703
0.5502241188135221,610.6000000000703
0.2523244071180712,610.7000000000703
0.2241456809016858,610.8000000000703
0.4185465818690368,610.9000000000703
-0.4341341112424524,611.0000000000704
0.4294383086194534,611.1000000000704
0.19083260405588381,611.2000000000704
0.05550006361788694,611.3000000000704
-0.014179517920383536,611.4000000000705
0.06262666461659314,611.5000000000705
0.40607176027803726,611.6000000000705
-0.36769774800172006,611.7000000000705
0.23480669406969035,611.8000000000706
-0.014383245232338651,611.9000000000706
-0.06388121162755667,612.0000000000706
0.06182936380783113,612.1000000000706
0.43118941380566544,612.2000000000706
0.10787859649735008,612.3000000000707
-0.08720443142496342,612.4000000000707
-0.1388256448927123,612.5000000000707
0.236108087151583,612.6000000000707
-0.12137019002176,612.7000000000708
0.212172218783013,612.8000000000708
0.389466757289605,612.9000000000708
-0.02420277021449392,613.0000000000708
0.1608137232238877,613.1000000000708
0.264149805384088,613.2000000000709
0.24541692665746145,613.3000000000709
0.6747007984553904,613.4000000000709
0.24933028681860384,613.5000000000709
0.01714660764373488,613.600000000071
0.3967427909394826,613.700000000071
0.37209327462982034,613.800000000071
0.11942328072760622,613.900000000071
0.18598105715970342,614.000000000071
-0.4184634325037654,614.1000000000711
0.04625290322946598,614.2000000000711
-0.162307502849014,614.3000000000711
0.5550708620112531,614.4000000000711
0.6098962134175813,614.5000000000712
0.3244035052331925,614.6000000000712
0.3442918594071558,614.7000000000712
0.2315510832465897,614.8000000000712
-0.3468546650988372,614.9000000000713
-0.2791134337774652,615.0000000000713
0.28032150629291297,615.1000000000713
0.4566234538611126,615.2000000000713
0.10759715157336001,615.3000000000713
-0.08739602931593807,615.4000000000714
-0.07281883096665312,615.5000000000714
0.7463475456799828,615.6000000000714
0.08733278913543874,615.7000000000714
-0.5722183260394026,615.8000000000715
0.050444891125045056,615.9000000000715
-0.25476738239980856,616.0000000000715
0.21628414972565205,616.1000000000715
0.04341058323211401,616.2000000000716
0.31604614309450213,616.3000000000716
0.38887542991149293,616.4000000000716
0.0813374537207342,616.5000000000716
0.31548904572035724,616.6000000000716
0.09436657364095326,616.7000000000717
-0.08118831146071051,616.8000000000717
0.7901689068147635,616.9000000000717
0.32759405706212336,617.0000000000717
0.6206169539024432,617.1000000000718
0.2837939051718129,617.2000000000718
0.20788313483509618,617.3000000000718
-0.20677045047506218,617.4000000000718
-0.42197806897047907,617.5000000000719
0.22799264454037022,617.6000000000719
0.8144953265920658,617.7000000000719
-0.3362492184791419,617.8000000000719
-0.07485212204235533,617.9000000000719
0.41479280803286844,618.000000000072
-0.16825117775473206,618.100000000072
-0.5101631100616626,618.200000000072
0.14944325127413752,618.300000000072
-0.11723989740787097,618.400000000072
0.3586484475403118,618.5000000000721
0.019792395467779972,618.6000000000721
0.5242096475712316,618.7000000000721
-0.13567202095785327,618.8000000000721
0.11947973284327817,618.9000000000722
-0.12777864015394977,619.0000000000722
-0.28102336025735086,619.1000000000722
-0.6250955323121297,619.2000000000722
-0.3159346978104045,619.3000000000723
0.3373477397662946,619.4000000000723
0.24953308101069058,619.5000000000723
-0.5787244707373828,619.6000000000723
0.41873520917341056,619.7000000000724
-0.20333564850707006,619.8000000000724
-0.18405293785331459,619.9000000000724
0.059938265876181764,620.0000000000724
-0.04946775935900105,620.1000000000724
0.5885191320416128,620.2000000000725
0.1970644174708049,620.3000000000725
0.37066787341347074,620.4000000000725
0.35544545153972673,620.5000000000725
-0.2630353103858206,620.6000000000726
0.19705361443082897,620.7000000000726
-0.26931875090076485,620.8000000000726
0.1971189949852381,620.9000000000726
0.10226239578878157,621.0000000000726
-0.11204843398058342,621.1000000000727
-0.07994763939018285,621.2000000000727
0.11814255207129265,621.3000000000727
-0.4664549904286719,621.4000000000727
-0.7121338037911821,621.5000000000728
0.5939195397403597,621.6000000000728
0.4073099849149173,621.7000000000728
-0.026380638630579767,621.8000000000728
-0.10502579326912692,621.9000000000729
0.22574154082491601,622.0000000000729
0.5487209929309391,622.1000000000729
0.16263973528675293,622.2000000000729
-0.014272664003920632,622.3000000000729
-0.04854368582760002,622.400000000073
0.49747266395759104,622.500000000073
0.5394260999542346,622.600000000073
0.19157556912425705,622.700000000073
-0.1689147245973697,622.800000000073
0.11567711896867564,622.9000000000731
0.10759104705541347,623.0000000000731
-0.1425120711322119,623.1000000000731
0.3022586942877455,623.2000000000731
0.13175809284111084,623.3000000000732
0.08062239448935327,623.4000000000732
-0.5398128311121424,623.5000000000732
-0.08464504313965993,623.6000000000732
0.05990801723807558,623.7000000000733
-0.4902401408948428,623.8000000000733
0.15691338532563598,623.9000000000733
-0.0820851179138285,624.0000000000733
0.2594531912687341,624.1000000000734
0.03900427253063117,624.2000000000734
-0.12748726736322838,624.3000000000734
-0.21044462405007133,624.4000000000734
-0.03364576514467438,624.5000000000734
0.19113834104764926,624.6000000000735
0.029452560733969582,624.7000000000735
-0.21285011816182473,624.8000000000735
-0.13765361221035993,624.9000000000735
0.39068162666275486,625.0000000000736
0.262429442515659,625.1000000000736
-0.02324774961633197,625.2000000000736
-0.2653336103268774,625.3000000000736
0.27920752022032824,625.4000000000736
-0.2047422587370363,625.5000000000737
0.13880013812232478,625.6000000000737
0.2816829384084448,625.7000000000737
0.7783509345688037,625.8000000000737
-0.3571520480882179,625.9000000000738
0.21294800115974932,626.0000000000738
0.009382372256285729,626.1000000000738
-0.14286024460446542,626.2000000000738
-0.47093557952444587,626.3000000000739
0.8854597435067488,626.4000000000739
-0.20970506302042077,626.5000000000739
-0.17899340986722187,626.6000000000739
0.5819824387065554,626.7000000000739
-0.12235024692874896,626.800000000074
-0.3765009676176656,626.900000000074
0.09994729191342609,627.000000000074
0.7397223616691844,627.100000000074
0.41737708572022336,627.200000000074
0.10327552364823246,627.3000000000741
0.289955329170401,627.4000000000741
0.046108422888525284,627.5000000000741
-0.02976385880429422,627.6000000000741
-0.5039051035651418,627.7000000000742
-0.14707716630811551,627.8000000000742
0.08503290528476945,627.9000000000742
0.11558500396107915,628.0000000000742
0.13919717075355886,628.1000000000743
-0.15337485611919635,628.2000000000743
0.16150543919978205,628.3000000000743
-0.40904163772393476,628.4000000000743
-0.28210839434470203,628.5000000000744
0.8034354257448598,628.6000000000744
0.26161725830549354,628.7000000000744
-0.07375464929640038,628.8000000000744
0.5954509767549635,628.9000000000744
-0.24047222891619222,629.0000000000745
0.03797447298766253,629.1000000000745
-0.0740656152968954,629.2000000000745
-0.08161241092588911,629.3000000000745
0.15629540543113768,629.4000000000746
0.08022708176222941,629.5000000000746
0.40991767347639174,629.6000000000746
0.725872065005484,629.7000000000746
0.5381247173837662,629.8000000000746
0.017634739805645838,629.9000000000747
0.5626230515757797,630.0000000000747
0.3202374260867038,630.1000000000747
0.36469505420882065,630.2000000000747
0.21123998277650174,630.3000000000748
0.2313687284147824,630.4000000000748
0.10896588734655624,630.5000000000748
0.29043582605813933,630.6000000000748
0.2927359631402615,630.7000000000749
0.8791081205716702,630.8000000000749
-0.1838565980751958,630.9000000000749
0.006126063385019823,631.0000000000749
0.32423011405398394,631.1000000000749
-0.003483545760005549,631.200000000075
-0.2942847146939327,631.300000000075
0.2874685232822148,631.400000000075
0.12391525003892682,631.500000000075
-0.25560914327405115,631.600000000075
0.09446243845211859,631.7000000000751
-0.3480105574692701,631.8000000000751
0.6514455479368423,631.9000000000751
0.05150040376394942,632.0000000000751
-0.012634749160945771,632.1000000000752
0.6115915902739978,632.2000000000752
-0.058547782416065425,632.3000000000752
0.5291826536976619,632.4000000000752
0.027315469353011962,632.5000000000753
0.5914797875847219,632.6000000000753
-0.4052025957939419,632.7000000000753
0.0003124253523392462,632.8000000000753
-0.1605101161116532,632.9000000000754
-0.49224845860721744,633.0000000000754
0.6053327266156294,633.1000000000754
0.40473543569257253,633.2000000000754
0.1490987500536129,633.3000000000754
0.4261785311089985,633.4000000000755
0.09729614948924602,633.5000000000755
0.185097538189388,633.6000000000755
-0.17240647147913854,633.7000000000755
-0.3120988901026366,633.8000000000756
-0.014630240198433273,633.9000000000756
0.4479549080193881,634.0000000000756
0.020061659863580675,634.1000000000756
0.3263884049653609,634.2000000000756
0.39341381595648495,634.3000000000757
-0.7671977986576333,634.4000000000757
0.37719108152721714,634.5000000000757
0.08270836892177082,634.6000000000757
0.7756338107735022,634.7000000000758
0.13716047233637338,634.8000000000758
0.30393485623536,634.9000000000758
-0.1627687385634902,635.0000000000758
0.15707226197856702,635.1000000000759
0.43089194553378285,635.2000000000759
0.8365301651440119,635.3000000000759
0.39988963887637874,635.4000000000759
0.0018984402629712155,635.5000000000759
-0.22806579690911263,635.600000000076
0.39238375796483393,635.700000000076
0.46355898877863333,635.800000000076
0.11788589822931594,635.900000000076
-0.6510143838417869,636.000000000076
-0.12903707455861624,636.1000000000761
0.36845899563667517,636.2000000000761
-0.127691827388954,636.3000000000761
-0.08503933412711176,636.4000000000761
0.9175783051557551,636.5000000000762
0.2204974780212442,636.6000000000762
-0.3816720629756766,636.7000000000762
0.029601514703125553,636.8000000000762
-0.1415186552166462,636.9000000000763
0.3839290339086683,637.0000000000763
-0.28022943039283554,637.1000000000763
0.048484173754325316,637.2000000000763
-0.20431845943910984,637.3000000000764
0.0186913793784321,637.4000000000764
-0.12595843720858194,637.5000000000764
-0.1452619819408047,637.6000000000764
0.05898081856241992,637.7000000000764
0.4380981808014882,637.8000000000765
0.27272308448198546,637.9000000000765
0.21048659994778152,638.0000000000765
0.29704437828980057,638.1000000000765
0.1616881138928009,638.2000000000766
-0.11868147873445542,638.3000000000766
0.41926830363767364,638.4000000000766
0.32162395701010055,638.5000000000766
0.10447589254586187,638.6000000000766
-0.29266144804427086,638.7000000000767
0.17121187814148775,638.8000000000767
-0.1039241052198682,638.9000000000767
0.13441336800211123,639.0000000000767
0.0033184200370010436,639.1000000000768
0.2812747307396092,639.2000000000768
0.07258062403625681,639.3000000000768
0.279483291033621,639.4000000000768
0.343381657955774,639.5000000000769
0.06171141849648308,639.6000000000769
-0.4154696393050572,639.7000000000769
0.5398409386705985,639.8000000000769
0.15424940798961378,639.900000000077
-0.34550931725553213,640.000000000077
0.34594891256713034,640.100000000077
0.1943727335718674,640.200000000077
0.18527460412442862,640.300000000077
-0.07656746198759154,640.4000000000771
-0.1288198985866666,640.5000000000771
-0.08652594331461383,640.6000000000771
-0.22318593250073107,640.7000000000771
0.16616967965041407,640.8000000000771
-0.3218208272816663,640.9000000000772
-0.19699326730358244,641.0000000000772
-0.09302543802464464,641.1000000000772
-0.24601763525801404,641.2000000000772
0.03441393570644327,641.3000000000773
-0.28130830205505786,641.4000000000773
0.16689655584162466,641.5000000000773
0.29432002559426307,641.6000000000773
-0.22446907259181528,641.7000000000774
0.36968889044326525,641.8000000000774
0.421468389892664,641.9000000000774
0.21100773172679305,642.0000000000774
-0.4736115746435171,642.1000000000774
0.1840267793874149,642.2000000000775
0.2372239835686315,642.3000000000775
-0.04397857443913333,642.4000000000775
0.5594663869286056,642.5000000000775
0.1706800442480645,642.6000000000776
0.18399725589671878,642.7000000000776
0.6389083819228407,642.8000000000776
0.5838275280011168,642.9000000000776
0.33455715436939476,643.0000000000776
0.2744698726828496,643.1000000000777
-0.08545888976112015,643.2000000000777
-0.09318135999889193,643.3000000000777
0.863963099057023,643.4000000000777
0.23916421281949599,643.5000000000778
0.02305979703869558,643.6000000000778
0.33144445146161455,643.7000000000778
0.47152351613592725,643.8000000000778
0.0364042168375554,643.9000000000779
0.1520897839432788,644.0000000000779
-0.06560552183746968,644.1000000000779
0.3198921549519774,644.2000000000779
0.2805313510373151,644.300000000078
0.4718584535645761,644.400000000078
-0.22407260029473727,644.500000000078
0.6178615781717954,644.600000000078
0.032027369881535483,644.700000000078
0.031323754908623574,644.8000000000781
0.6303463086980768,644.9000000000781
-0.12190637915495389,645.0000000000781
0.2558931678946861,645.1000000000781
-0.2186371795520747,645.2000000000781
0.1277398251326819,645.3000000000782
-0.1602451050981615,645.4000000000782
0.16300158175388435,645.5000000000782
0.24335406108274596,645.6000000000782
0.349645549414998,645.7000000000783
-0.3643409328922159,645.8000000000783
0.5938565043064504,645.9000000000783
0.428923560826296,646.0000000000783
0.40146852208403183,646.1000000000784
-0.3066352615006809,646.2000000000784
0.6503408613474406,646.3000000000784
0.0983237148071466,646.4000000000784
-0.12210117896577874,646.5000000000784
-0.015073748435073406,646.6000000000785
0.002634191313071979,646.7000000000785
0.08652955944319687,646.8000000000785
0.501639580468256,646.9000000000785
-0.08940909182637582,647.0000000000786
0.4346594480528396,647.1000000000786
0.42595494950021473,647.2000000000786
0.2792622303003032,647.3000000000786
0.011929632639709836,647.4000000000786
0.12684612790820862,647.5000000000787
-0.2061793401674776,647.6000000000787
0.2583033597567357,647.7000000000787
0.2198206983997862,647.8000000000787
0.28174142669260815,647.9000000000788
0.2765746105009389,648.0000000000788
0.4002443886950998,648.1000000000788
-0.4230504145783375,648.2000000000788
-0.11428061328658892,648.3000000000789
0.46842376508436057,648.4000000000789
0.5999517278583063,648.5000000000789
0.1210236132439754,648.6000000000789
0.2820662501542918,648.700000000079
0.17124484896049974,648.800000000079
-0.11522901038551048,648.900000000079
0.4790711588339155,649.000000000079
-0.11577932764017199,649.100000000079
-0.011342302284088376,649.2000000000791
0.0028422974771883103,649.3000000000791
0.5182545405943101,649.4000000000791
-0.15818759574729804,649.5000000000791
0.3886893779987476,649.6000000000791
-0.0788535358009202,649.7000000000792
0.5431178406861176,649.8000000000792
0.0678312486843406,649.9000000000792
0.04591024753368684,650.0000000000792
0.100293312475518,650.1000000000793
0.12566171749978555,650.2000000000793
0.3932158068830318,650.3000000000793
0.4160476398423374,650.4000000000793
0.06427021377680245,650.5000000000794
-0.24272052802881713,650.6000000000794
-0.4529881752129673,650.7000000000794
0.08220825524639735,650.8000000000794
-0.22419146039282242,650.9000000000794
0.37160104480889267,651.0000000000795
0.2386518352169798,651.1000000000795
0.15337756813122766,651.2000000000795
-0.43999682324789047,651.3000000000795
-0.19430506024531932,651.4000000000796
-0.5034427741550184,651.5000000000796
0.18611242117104462,651.6000000000796
-0.21961130830244271,651.7000000000796
-0.1621928191472696,651.8000000000796
0.5485953702868757,651.9000000000797
0.15560415987918821,652.0000000000797
-0.027612621655767305,652.1000000000797
0.0391692684337742,652.2000000000797
-0.09796840363696649,652.3000000000798
-0.468021674510688,652.4000000000798
-0.8176022730953556,652.5000000000798
0.030804061390663245,652.6000000000798
0.09674634484294876,652.7000000000799
0.06647193001447345,652.8000000000799
0.08393058502674375,652.9000000000799
0.15141172105897505,653.0000000000799
0.26459426876824116,653.10000000008
0.12600189303757353,653.20000000008
0.627256447295853,653.30000000008
0.04968319302653976,653.40000000008
0.026527380977886816,653.50000000008
-0.4925130074002029,653.6000000000801
-0.16824486835827776,653.7000000000801
-0.2560160584432942,653.8000000000801
-0.15122014771323297,653.9000000000801
0.8345078959793727,654.0000000000801
-0.2238860062242369,654.1000000000802
0.1646282714556642,654.2000000000802
0.3139356072170849,654.3000000000802
-0.11777290682700758,654.4000000000802
-0.05628096847206793,654.5000000000803
0.35778247952817976,654.6000000000803
0.21423113270877142,654.7000000000803
0.10240698854627574,654.8000000000803
-0.01323150836836147,654.9000000000804
-0.7456686491345376,655.0000000000804
-0.1796349052367691,655.1000000000804
0.09429616359083204,655.2000000000804
0.2998981839731687,655.3000000000804
0.21891230943343523,655.4000000000805
-0.08600657545422705,655.5000000000805
-0.31587677586317553,655.6000000000805
0.23277292752933948,655.7000000000805
0.48733830697530944,655.8000000000806
0.03349402576738124,655.9000000000806
0.07648149115078115,656.0000000000806
0.4628783189843597,656.1000000000806
0.09659738339185611,656.2000000000806
0.6876427694869852,656.3000000000807
0.31988773508026286,656.4000000000807
-0.11089753908646638,656.5000000000807
0.42192087183882687,656.6000000000807
0.3102804439110483,656.7000000000808
-0.10286128250734064,656.8000000000808
-0.11429540881524111,656.9000000000808
-0.14976102531858923,657.0000000000808
0.21993299661010468,657.1000000000809
-0.3562719273680768,657.2000000000809
0.6228470203436433,657.3000000000809
0.15505646036508797,657.4000000000809
0.6363606769166719,657.500000000081
0.0057890118078898906,657.600000000081
-0.16877620136403007,657.700000000081
0.3045814743945078,657.800000000081
0.8803916221331518,657.900000000081
0.008237601154176766,658.0000000000811
0.3882781538634681,658.1000000000811
0.04608964487321015,658.2000000000811
0.32331055057981484,658.3000000000811
-0.27464031740329575,658.4000000000811
0.16496184938325037,658.5000000000812
0.036083390706663596,658.6000000000812
-0.268104478652867,658.7000000000812
0.14630333045132776,658.8000000000812
-0.19191219499518777,658.9000000000813
0.32772511025694934,659.0000000000813
0.2271115079930802,659.1000000000813
0.08606126383058203,659.2000000000813
-0.13178590579923627,659.3000000000814
0.09293654299843508,659.4000000000814
0.13624850952341394,659.5000000000814
-0.29150395187665223,659.6000000000814
-0.021400248515576176,659.7000000000814
0.0945044206889118,659.8000000000815
0.00896890736819192,659.9000000000815
0.267142107637786,660.0000000000815
0.24845466820871312,660.1000000000815
-0.4150841144347436,660.2000000000816
-0.11374307657068974,660.3000000000816
0.1415647913344309,660.4000000000816
0.7661948506329469,660.5000000000816
0.1011458754267257,660.6000000000816
0.2067098891680585,660.7000000000817
0.15198147265034218,660.8000000000817
0.011721041544182867,660.9000000000817
0.38457385584676484,661.0000000000817
0.2727131264191283,661.1000000000818
-0.19492146513327194,661.2000000000818
-0.17574197440719277,661.3000000000818
-0.594312333365644,661.4000000000818
0.47311300262966627,661.5000000000819
0.7759874944412705,661.6000000000819
-0.3612181427474722,661.7000000000819
-0.1362257322760698,661.8000000000819
0.24094932229965457,661.900000000082
-0.10200634169338829,662.000000000082
0.2999431974985595,662.100000000082
-0.5851194090640036,662.200000000082
-0.019193560747824065,662.300000000082
-0.19651897328572845,662.4000000000821
-0.15842864334991216,662.5000000000821
-0.1568224296299839,662.6000000000821
0.2837638305085326,662.7000000000821
0.7553677210922302,662.8000000000822
-0.40263800749465983,662.9000000000822
0.08751654669312076,663.0000000000822
-0.24754998807971376,663.1000000000822
0.4703860069061574,663.2000000000822
0.45149811593426126,663.3000000000823
-0.33403531457521574,663.4000000000823
0.3136255974902465,663.5000000000823
0.10067449924024113,663.6000000000823
0.21495159741106135,663.7000000000824
-0.4586222253982176,663.8000000000824
-0.1312153324060622,663.9000000000824
-0.3248769585484004,664.0000000000824
-0.17294349127834505,664.1000000000824
0.039924211667542585,664.2000000000825
-0.1825382447266052,664.3000000000825
0.1720245685459775,664.4000000000825
-0.4791514350375794,664.5000000000825
0.4742701557041975,664.6000000000826
0.05266816361322478,664.7000000000826
0.7872777394917847,664.8000000000826
0.6713995485425063,664.9000000000826
0.20891482515277754,665.0000000000827
-0.14323349581699718,665.1000000000827
0.16544568406313356,665.2000000000827
0.2174871267835992,665.3000000000827
-0.22015782014784427,665.4000000000827
-0.26397351758591914,665.5000000000828
0.3274455124009919,665.6000000000828
-0.54015163076122,665.7000000000828
0.6577909200227647,665.8000000000828
-0.13600610632071006,665.9000000000829
0.5207210694355073,666.0000000000829
0.04777285451330998,666.1000000000829
0.44395165342226794,666.2000000000829
0.38407717143014564,666.300000000083
0.15450812412600232,666.400000000083
0.37820150270160036,666.500000000083
0.4173544817966176,666.600000000083
0.183527043940179,666.700000000083
0.4552990942339996,666.8000000000831
0.03919277342207294,666.9000000000831
-0.09141595241842809,667.0000000000831
-0.05031266048442071,667.1000000000831
-0.29395270094453885,667.2000000000832
-0.17256279486462814,667.3000000000832
-0.03587359451842867,667.4000000000832
0.46645367358147705,667.5000000000832
-0.23077547332610657,667.6000000000832
0.04223661409131512,667.7000000000833
0.14393426755176936,667.8000000000833
0.08419977432759013,667.9000000000833
0.12415493438714001,668.0000000000833
0.11447967648604931,668.1000000000834
-0.6678437040599088,668.2000000000834
0.09678074839726557,668.3000000000834
0.40883996360050345,668.4000000000834
0.768153671132986,668.5000000000834
-0.1663994635595862,668.6000000000835
0.2921952830760498,668.7000000000835
0.09759578549650441,668.8000000000835
0.3389478446044072,668.9000000000835
-0.016585466294311235,669.0000000000836
0.016920244917456598,669.1000000000836
-0.26816346556998094,669.2000000000836
0.16356891742674357,669.3000000000836
-0.35618366148177705,669.4000000000837
-0.09725321272513468,669.5000000000837
0.27756390050196356,669.6000000000837
-0.1165725896617674,669.7000000000837
0.5363594668754014,669.8000000000837
0.3510808277286881,669.9000000000838
0.04398985027067773,670.0000000000838
0.5164896452159194,670.1000000000838
-0.31050858441311513,670.2000000000838
0.17563223164576022,670.3000000000839
0.11456500752528954,670.4000000000839
0.2584311370618858,670.5000000000839
0.029767844808633592,670.6000000000839
0.36796631649767053,670.700000000084
-0.11074697470928846,670.800000000084
-0.11520124412432209,670.900000000084
0.02271227188191101,671.000000000084
-0.06142663115982058,671.100000000084
0.4202281010272507,671.2000000000841
0.6559890187476899,671.3000000000841
0.14999389897301857,671.4000000000841
-0.20525085694692433,671.5000000000841
0.07514154292142246,671.6000000000842
-0.3230882619041837,671.7000000000842
-0.38774057580419785,671.8000000000842
0.06473065711586552,671.9000000000842
0.10036016765345972,672.0000000000842
0.5552947128988776,672.1000000000843
0.3978730085523612,672.2000000000843
0.3179973135598195,672.3000000000843
0.0663884081190344,672.4000000000843
-0.13608512038296677,672.5000000000844
0.390159583871713,672.6000000000844
-0.1965667864982993,672.7000000000844
-0.517066777794136,672.8000000000844
-0.09617233249952531,672.9000000000844
0.40244857115242727,673.0000000000845
0.697918259288134,673.1000000000845
0.38718014504255205,673.2000000000845
0.163351177759553,673.3000000000845
0.35162023635990713,673.4000000000846
0.5396370548374108,673.5000000000846
-0.09315264100956896,673.6000000000846
-0.06218192696663047,673.7000000000846
-0.04004858235492467,673.8000000000847
-0.09030669763046764,673.9000000000847
0.3732261670059245,674.0000000000847
0.06962376640689527,674.1000000000847
-0.3218386133914656,674.2000000000847
0.1976532303574221,674.3000000000848
0.5106085346754652,674.4000000000848
0.40589327967926825,674.5000000000848
0.29842154379694885,674.6000000000848
-0.10922264627939282,674.7000000000849
0.3884911868832086,674.8000000000849
-0.138146758912216,674.9000000000849
-0.22057169844490557,675.0000000000849
0.42212007023500697,675.100000000085
0.29741649531169523,675.200000000085
0.6013201833870302,675.300000000085
-0.08608514035811596,675.400000000085
0.45396766391796306,675.500000000085
0.0008213530578582429,675.6000000000851
0.12310984638046531,675.7000000000851
-0.12189582088936635,675.8000000000851
0.3783824450175207,675.9000000000851
0.4873507289908533,676.0000000000852
-0.6466155773576144,676.1000000000852
0.38604363898912786,676.2000000000852
0.2622391106562448,676.3000000000852
-0.1403610703712204,676.4000000000852
-0.42433657979120376,676.5000000000853
0.11111528104683015,676.6000000000853
0.6186620518940066,676.7000000000853
0.31452701125651794,676.8000000000853
-0.16647298811628217,676.9000000000854
0.25842181370355966,677.0000000000854
0.07477207006214445,677.1000000000854
0.21891745348252778,677.2000000000854
0.4492734452937788,677.3000000000854
-0.2216820073593582,677.4000000000855
0.4143804009661505,677.5000000000855
-0.2174764346056163,677.6000000000855
0.14206287404362344,677.7000000000855
0.043317919696006686,677.8000000000856
-0.21301185737670755,677.9000000000856
-0.15410419969702485,678.0000000000856
0.07679107854737274,678.1000000000856
-0.24822418977424096,678.2000000000857
0.15892801860175346,678.3000000000857
0.22308326170068593,678.4000000000857
0.30841913806646926,678.5000000000857
0.28480915799912593,678.6000000000857
0.05149208993507756,678.7000000000858
0.1284006740783942,678.8000000000858
0.013811610272173744,678.9000000000858
-0.20762684674252466,679.0000000000858
-0.08839545350525593,679.1000000000859
-0.21845196728405533,679.2000000000859
-0.5448240688734418,679.3000000000859
-0.25012980656413053,679.4000000000859
-0.41458600188630657,679.500000000086
0.13592132047484023,679.600000000086
-0.2285819067499502,679.700000000086
0.24666276776391977,679.800000000086
-0.016682068091851646,679.900000000086
-0.1159145212722478,680.0000000000861
0.2227465265321768,680.1000000000861
0.054233256461913036,680.2000000000861
0.4795390675643988,680.3000000000861
0.38602050067224625,680.4000000000862
0.46309107473556754,680.5000000000862
-0.03814111221755745,680.6000000000862
0.12837369180496283,680.7000000000862
0.5630408130421717,680.8000000000862
0.3875904245670674,680.9000000000863
-0.2876076255381197,681.0000000000863
0.07038956206226636,681.1000000000863
0.4839773288025633,681.2000000000863
0.4320969424801443,681.3000000000864
0.23127564062297915,681.4000000000864
-0.00877417512551952,681.5000000000864
0.07001511298620301,681.6000000000864
0.5882312448000846,681.7000000000864
0.36925008320550035,681.8000000000865
-0.23948939146415124,681.9000000000865
-0.4380106121881966,682.0000000000865
0.14086359944964716,682.1000000000865
0.08312147949938077,682.2000000000866
0.27364042884900075,682.3000000000866
-0.6951408921517719,682.4000000000866
0.45981078807581843,682.5000000000866
-0.17318717833265787,682.6000000000867
-0.6764631194072502,682.7000000000867
0.9055589603080673,682.8000000000867
-0.04604076431707316,682.9000000000867
0.33954200202283263,683.0000000000867
0.07757174650188459,683.1000000000868
0.21669640722934752,683.2000000000868
0.15889495940478704,683.3000000000868
-0.2285971800458139,683.4000000000868
-0.044112759585014455,683.5000000000869
-0.11256715028079642,683.6000000000869
0.19795375938474713,683.7000000000869
0.16350224002134903,683.8000000000869
-0.12156447735071879,683.900000000087
0.05259861516791818,684.000000000087
0.2730417398952063,684.100000000087
0.12429098904910643,684.200000000087
0.019300472996709075,684.300000000087
0.11765347449381482,684.4000000000871
0.22236568590755507,684.5000000000871
0.5507066710752667,684.6000000000871
-0.06843513395585749,684.7000000000871
-0.004543226552941204,684.8000000000872
0.34504714184633567,684.9000000000872
0.7141339435953363,685.0000000000872
-0.5211814097497429,685.1000000000872
0.042181864126842515,685.2000000000872
0.6546386430570224,685.3000000000873
-0.4238423442167648,685.4000000000873
-0.0027238696651225164,685.5000000000873
-0.0800581454276596,685.6000000000873
-0.012615311737973894,685.7000000000874
0.45598988050586,685.8000000000874
0.4203168362313783,685.9000000000874
0.024585585187541337,686.0000000000874
0.1317548049554451,686.1000000000874
0.05095318921515189,686.2000000000875
-0.06762916331069085,686.3000000000875
0.7149147703102916,686.4000000000875
-0.1702282218840427,686.5000000000875
-0.2078253135347148,686.6000000000876
-0.12168468283193648,686.7000000000876
0.4795231572403198,686.8000000000876
-0.22942325822054724,686.9000000000876
-0.4740700849449708,687.0000000000877
0.189179803086023,687.1000000000877
-0.24682549420548963,687.2000000000877
-0.08719133832446632,687.3000000000877
-0.2819449483312456,687.4000000000877
0.15015267452069905,687.5000000000878
-0.015054305245675637,687.6000000000878
-0.0034259127262325773,687.7000000000878
-0.23663926832533685,687.8000000000878
-0.26596368350941946,687.9000000000879
0.30334041096109376,688.0000000000879
0.031226637431692378,688.1000000000879
0.017334615252279986,688.2000000000879
-0.3305852208400101,688.300000000088
0.0521735421881245,688.400000000088
-0.37002825831077824,688.500000000088
-0.052887853289507236,688.600000000088
-0.20226568752053112,688.700000000088
0.5941686907466904,688.8000000000881
0.0891336092528788,688.9000000000881
0.39001426573413467,689.0000000000881
0.48695505908162984,689.1000000000881
0.07371832052380205,689.2000000000882
0.18481750283521758,689.3000000000882
0.3558040266017167,689.4000000000882
0.46540730605365,689.5000000000882
-0.04427892604382397,689.6000000000882
0.005679360964219657,689.7000000000883
0.15312708382197643,689.8000000000883
0.04232100739455,689.9000000000883
0.45063269234899617,690.0000000000883
0.3374702693521693,690.1000000000884
-0.0606436580250751,690.2000000000884
0.38764994139162,690.3000000000884
-0.1561430287208936,690.4000000000884
0.024471008243429473,690.5000000000884
0.27018648743809864,690.6000000000885
-0.547791000640486,690.7000000000885
0.04354090743134805,690.8000000000885
-0.4795285138398482,690.9000000000885
0.30856715849261557,691.0000000000886
-0.44949746099577914,691.1000000000886
-0.03789537622158001,691.2000000000886
-0.6997443282568472,691.3000000000886
0.2730750314396852,691.4000000000887
-0.45352631141687905,691.5000000000887
-0.05307673055199061,691.6000000000887
0.12966650126198148,691.7000000000887
0.39847419867506906,691.8000000000887
-0.13616772909336636,691.9000000000888
-0.09608408081392278,692.0000000000888
0.3225652987805996,692.1000000000888
-0.17933967569310846,692.2000000000888
-0.26126219440234444,692.3000000000889
0.03538532458488722,692.4000000000889
-0.10010370833052842,692.5000000000889
0.5773221381197048,692.6000000000889
0.016974330349370376,692.700000000089
0.006597463473602613,692.800000000089
-0.01436683730057324,692.900000000089
0.007850940719373672,693.000000000089
0.024187305406778062,693.100000000089
0.2694864227283586,693.2000000000891
0.5163603085073452,693.3000000000891
-0.09126513368107361,693.4000000000891
0.29100208912208225,693.5000000000891
-0.14449947437564462,693.6000000000892
-0.3877294711635014,693.7000000000892
-0.4058161749612348,693.8000000000892
-0.3732601894239551,693.9000000000892
-0.11577306363457993,694.0000000000892
0.1219563668692761,694.1000000000893
-0.049789418386693096,694.2000000000893
-0.05121556382826678,694.3000000000893
0.2161353181046132,694.4000000000893
0.028424870759030302,694.5000000000894
-0.8093621520189235,694.6000000000894
0.6388829891543144,694.7000000000894
0.24311041834393743,694.8000000000894
0.44549557041978316,694.9000000000894
0.14139099442894687,695.0000000000895
0.2983832678605103,695.1000000000895
-0.038714759383994796,695.2000000000895
0.34991332034066147,695.3000000000895
-0.3464113822886191,695.4000000000896
0.6385549842573838,695.5000000000896
0.05965621123114324,695.6000000000896
0.19654653376372658,695.7000000000896
0.5087848595919664,695.8000000000897
-0.4115901950242161,695.9000000000897
0.24151736805804228,696.0000000000897
-0.21501234828191082,696.1000000000897
-0.23070537450421172,696.2000000000897
0.39471865579424514,696.3000000000898
-0.06088053515488548,696.4000000000898
0.14700867397385536,696.5000000000898
0.4065886163825372,696.6000000000898
-0.36863334880760734,696.7000000000899
0.5676555027774198,696.8000000000899
0.14762915429965123,696.9000000000899
-0.2053602260755695,697.0000000000899
-0.482346774363705,697.10000000009
-0.15533096726614234,697.20000000009
0.28345255174622014,697.30000000009
0.6630509565732055,697.40000000009
-0.2774579312601573,697.50000000009
0.3630154173925788,697.6000000000901
-0.40125270374595945,697.7000000000901
0.340688147003014,697.8000000000901
0.21781563483986335,697.9000000000901
0.35059845384257127,698.0000000000902
-0.038999090140283715,698.1000000000902
0.18496677402905704,698.2000000000902
0.5249043749720254,698.3000000000902
0.407336930297048,698.4000000000902
0.12320623069972936,698.5000000000903
0.45941038272041,698.6000000000903
-0.3919479996703832,698.7000000000903
-0.11249761314290338,698.8000000000903
0.14289555214859415,698.9000000000904
0.24369034659105734,699.0000000000904
0.40017928600144703,699.1000000000904
-0.16915401429290314,699.2000000000904
-0.19787639008545874,699.3000000000904
0.41296131268906255,699.4000000000905
0.10068154211177283,699.5000000000905
0.0870743175628312,699.6000000000905
0.6162522178259167,699.7000000000905
0.10130045737629106,699.8000000000906
0.02759300074638435,699.9000000000906
-0.03821075832823842,700.0000000000906
-0.24876221087138192,700.1000000000906
-0.40899695019220483,700.2000000000907
0.30481165380801567,700.3000000000907
0.16948272418670995,700.4000000000907
0.33465251551284825,700.5000000000907
0.35800864838643087,700.6000000000907
-0.01207060974477979,700.7000000000908
-0.40652968830465663,700.8000000000908
0.585260632980802,700.9000000000908
0.4093568881538109,701.0000000000908
0.09769110210695059,701.1000000000909
0.34459614774560254,701.2000000000909
-0.6667423422595187,701.3000000000909
-0.02481375541647876,701.4000000000909
-0.3456831255434857,701.500000000091
-0.08886366649732386,701.600000000091
0.6279904710458571,701.700000000091
0.07439933835466711,701.800000000091
-0.29824915343938074,701.900000000091
0.15590885477649025,702.0000000000911
0.10105017139409377,702.1000000000911
0.2944863866548994,702.2000000000911
0.02384980485571976,702.3000000000911
0.06196173026941609,702.4000000000912
0.27901906358293693,702.5000000000912
0.29462288826973615,702.6000000000912
0.2115541095231886,702.7000000000912
0.13352547615919494,702.8000000000912
0.20181686745305555,702.9000000000913
-0.041146695267628264,703.0000000000913
0.24965983273439857,703.1000000000913
-0.03443737710512132,703.2000000000913
-0.05505401940892146,703.3000000000914
0.3260630221194278,703.4000000000914
0.12000958940384043,703.5000000000914
0.1025726592214191,703.6000000000914
0.15151824791560703,703.7000000000914
-0.03782143077875014,703.8000000000915
0.1703351598922504,703.9000000000915
-0.07578853076940234,704.0000000000915
-0.3372014214222898,704.1000000000915
0.2995246701664031,704.2000000000916
-0.014158732275200064,704.3000000000916
-0.10375430777136077,704.4000000000916
-0.20096920216872374,704.5000000000916
0.49489703465086143,704.6000000000917
0.3736992762341722,704.7000000000917
-0.4832585038624315,704.8000000000917
-0.14419426358150672,704.9000000000917
0.22524895682654925,705.0000000000917
0.2675851164382962,705.1000000000918
0.6142910529325696,705.2000000000918
-0.09610153758823936,705.3000000000918
0.15428620890731945,705.4000000000918
0.16998567031947745,705.5000000000919
0.48193405776744147,705.6000000000919
0.16247430627040987,705.7000000000919
0.08774638243367652,705.8000000000919
0.13152865368496533,705.900000000092
0.3619499067222197,706.000000000092
1.0261976264517163,706.100000000092
-0.01834677374642754,706.200000000092
-0.2849311135893082,706.300000000092
-0.46552535812371365,706.4000000000921
0.7416693769179988,706.5000000000921
-0.17343589453478733,706.6000000000921
0.27052973334213887,706.7000000000921
-0.35698789576919,706.8000000000922
0.2621766868130548,706.9000000000922
0.41711607434163567,707.0000000000922
0.5983272634802584,707.1000000000922
-0.23985401084025706,707.2000000000922
-0.09374849086920942,707.3000000000923
0.05421469418178918,707.4000000000923
0.490355872420987,707.5000000000923
0.41452763013616534,707.6000000000923
0.08231464574683221,707.7000000000924
0.7386253189667179,707.8000000000924
0.3135571708905717,707.9000000000924
0.24499017630494618,708.0000000000924
-0.22218254729732836,708.1000000000925
0.35858565709594326,708.2000000000925
0.12113336893832441,708.3000000000925
0.7397979861904467,708.4000000000925
0.1276107950776268,708.5000000000925
0.6980575157624949,708.6000000000926
-0.41043867375360155,708.7000000000926
0.025729510085744076,708.8000000000926
0.21662332055946926,708.9000000000926
-0.2817050898866119,709.0000000000927
-0.08030560592871258,709.1000000000927
0.2800054074600176,709.2000000000927
-0.11194017888579072,709.3000000000927
0.18687796358175623,709.4000000000927
0.37963227622730245,709.5000000000928
0.7888074297199223,709.6000000000928
0.10424639538759402,709.7000000000928
0.10507971236467512,709.8000000000928
0.10647831413341483,709.9000000000929
0.19150004973446708,710.0000000000929
0.2485498978852279,710.1000000000929
0.03705226323268834,710.2000000000929
0.1160020778770213,710.300000000093
0.3520029209597235,710.400000000093
0.4699894105184881,710.500000000093
0.2794559093205069,710.600000000093
-0.08093918412871035,710.700000000093
-0.4628017679713903,710.8000000000931
0.33649701317624037,710.9000000000931
0.44786237522288375,711.0000000000931
-0.3721489131944591,711.1000000000931
0.09185776630467353,711.2000000000932
0.339037718512206,711.3000000000932
-0.4290123993335646,711.4000000000932
-0.11513350900852451,711.5000000000932
0.3557274833982733,711.6000000000932
0.05556389035887634,711.7000000000933
0.19315712394080037,711.8000000000933
0.5717317798516093,711.9000000000933
0.10248465768414053,712.0000000000933
0.3827081165140622,712.1000000000934
0.43523801555512787,712.2000000000934
0.22820912369380583,712.3000000000934
-0.15590061156859156,712.4000000000934
0.004091024429881948,712.5000000000935
-0.5957511908842348,712.6000000000935
-0.25129682376838547,712.7000000000935
-0.45371702522983703,712.8000000000935
0.02619224806989652,712.9000000000935
-0.2089125015914082,713.0000000000936
0.007751439016240702,713.1000000000936
-0.3007954273452379,713.2000000000936
0.5213787404806197,713.3000000000936
0.2514904212311999,713.4000000000937
0.16524382807322102,713.5000000000937
-0.11001704949033572,713.6000000000937
0.6653480187651939,713.7000000000937
-0.23791055927110547,713.8000000000937
0.02114262329573452,713.9000000000938
-0.15358251816962862,714.0000000000938
-0.020839576763747383,714.1000000000938
0.01190588904561786,714.2000000000938
-0.2726016029456505,714.3000000000939
-0.13655465331547492,714.4000000000939
-0.3922296223294892,714.5000000000939
-0.12217393143540148,714.6000000000939
0.5352974919067272,714.700000000094
-0.3296752448975877,714.800000000094
0.43932339674530885,714.900000000094
0.2333919986967897,715.000000000094
0.19169245844196442,715.100000000094
-0.09197037347800269,715.2000000000941
0.2876891814982469,715.3000000000941
-0.13672831901948315,715.4000000000941
-0.12281538547765439,715.5000000000941
-0.18453237433119427,715.6000000000942
0.255815195202172,715.7000000000942
0.042772004300726536,715.8000000000942
-0.19755122660401667,715.9000000000942
0.01142071635537903,716.0000000000942
0.02640332920206981,716.1000000000943
0.20633057111088568,716.2000000000943
0.6060844798625223,716.3000000000943
0.28360921546467666,716.4000000000943
0.037841920611288465,716.5000000000944
-0.25069195364464614,716.6000000000944
-0.1411147127091059,716.7000000000944
-0.26403582324439456,716.8000000000944
-0.44055312149669323,716.9000000000945
-0.27410069952349103,717.0000000000945
-0.16642186232478903,717.1000000000945
0.06823814650148471,717.2000000000945
0.1978278781755119,717.3000000000945
0.42237196657596743,717.4000000000946
-0.2073450489420858,717.5000000000946
0.18341863922321885,717.6000000000946
-0.08146271069920538,717.7000000000946
-0.16129499498940444,717.8000000000947
0.2440499194116096,717.9000000000947
-0.02593824942787848,718.0000000000947
-0.07464196082596913,718.1000000000947
0.2942968805796295,718.2000000000947
0.3054196826265104,718.3000000000948
0.19933315610219476,718.4000000000948
-0.21659630555585005,718.5000000000948
0.5164328239052682,718.6000000000948
0.6180221073031231,718.7000000000949
-0.11123616119485208,718.8000000000949
-0.04997356175822129,718.9000000000949
0.5157347211625063,719.0000000000949
0.17528314017399188,719.100000000095
-0.49991702426328666,719.200000000095
0.23118837925899885,719.300000000095
0.14267103081979593,719.400000000095
0.18186068505326625,719.500000000095
0.24195580131930797,719.6000000000951
0.029618607588616508,719.7000000000951
0.31735037921812576,719.8000000000951
0.21412731221042022,719.9000000000951
0.34156349131287006,720.0000000000952
0.31623807652713853,720.1000000000952
0.013320064288212391,720.2000000000952
0.8643630064761657,720.3000000000952
0.490722851209912,720.4000000000952
0.09502806572961447,720.5000000000953
0.5185204723850702,720.6000000000953
0.16125032155695412,720.7000000000953
-0.22573364975481439,720.8000000000953
-0.2934794133411289,720.9000000000954
-0.14845549622050164,721.0000000000954
0.4590204495015908,721.1000000000954
-0.3395389859560798,721.2000000000954
0.03810830958280788,721.3000000000955
0.42172459540576634,721.4000000000955
0.21249691278123456,721.5000000000955
0.019255492202441785,721.6000000000955
0.01997823459550327,721.7000000000955
0.4063252182343263,721.8000000000956
0.18415169242084975,721.9000000000956
0.17599450422364366,722.0000000000956
0.2202132228991341,722.1000000000956
-0.07072306441971687,722.2000000000957
-0.17476092406169133,722.3000000000957
-0.22225387561336193,722.4000000000957
-0.05581458495243541,722.5000000000957
-0.15098588119865755,722.6000000000957
0.09468222057346919,722.7000000000958
-0.037122512441590844,722.8000000000958
-0.10967442859886742,722.9000000000958
0.14314140013657428,723.0000000000958
0.27422826657137345,723.1000000000959
0.7895374571209081,723.2000000000959
-0.06714284887606398,723.3000000000959
0.43664932843582205,723.4000000000959
0.30726917520676017,723.500000000096
-0.023094362218057635,723.600000000096
-0.45333413068427786,723.700000000096
-0.23443343794191016,723.800000000096
0.14845072198180664,723.900000000096
0.2162869529433562,724.0000000000961
0.5509905319302126,724.1000000000961
0.22750139662475044,724.2000000000961
0.18932222829437573,724.3000000000961
0.775256740250275,724.4000000000962
0.451798439699726,724.5000000000962
-0.3660047136546467,724.6000000000962
-0.258214453732307,724.7000000000962
0.32595180550762387,724.8000000000962
-0.6598103116227809,724.9000000000963
0.28688806644389886,725.0000000000963
0.105114490428928,725.1000000000963
0.05337916466984564,725.2000000000963
-0.12941030897460848,725.3000000000964
0.12971120539387934,725.4000000000964
-0.3357953355268922,725.5000000000964
0.058524609068948526,725.6000000000964
-0.14018080648258358,725.7000000000965
0.09757724317821247,725.8000000000965
-0.3324703662780598,725.9000000000965
0.5673151527426542,726.0000000000965
0.2652909098318572,726.1000000000965
0.18194591737988747,726.2000000000966
0.47417989306494956,726.3000000000966
-0.37994136267446765,726.4000000000966
0.2278839206455416,726.5000000000966
-0.3407170789855334,726.6000000000967
-0.3053557499738806,726.7000000000967
0.17869047555746823,726.8000000000967
0.5627689479684208,726.9000000000967
-0.4225397556578844,727.0000000000967
0.3098904507262107,727.1000000000968
0.7854908562758873,727.2000000000968
0.15071290115425684,727.3000000000968
0.17616968997852397,727.4000000000968
0.4854690612981508,727.5000000000969
0.10152846901849259,727.6000000000969
0.09242413079509477,727.7000000000969
-0.5283603095728072,727.8000000000969
0.3107023772563151,727.900000000097
0.42020128977166005,728.000000000097
0.7475052518772456,728.100000000097
-0.39537474767946934,728.200000000097
0.20012679419829987,728.300000000097
0.013962434200938997,728.4000000000971
0.1640940178514387,728.5000000000971
0.061518327453744165,728.6000000000971
0.08236432382915547,728.7000000000971
0.0217775542712767,728.8000000000972
0.021872415661010322,728.9000000000972
-0.32604407474793606,729.0000000000972
-0.12793596833389134,729.1000000000972
0.3113245699819644,729.2000000000972
0.11348208528292522,729.3000000000973
0.5973416662066436,729.4000000000973
-0.43662364338756854,729.5000000000973
-0.21230796375461344,729.6000000000973
-0.2172753388390011,729.7000000000974
0.2557076309260971,729.8000000000974
-0.021258505553480606,729.9000000000974
-0.3072627134119903,730.0000000000974
-0.18256085536741815,730.1000000000975
-0.02543339307578185,730.2000000000975
-0.2985192540187729,730.3000000000975
0.924292882496418,730.4000000000975
0.2302900281087733,730.5000000000975
0.21366309020866764,730.6000000000976
0.32590101649816966,730.7000000000976
-0.1926750825441538,730.8000000000976
0.4649821830435108,730.9000000000976
-0.14374151247787378,731.0000000000977
-0.038481216011920505,731.1000000000977
0.6046533593694199,731.2000000000977
0.1485973976161824,731.3000000000977
-0.20193564271057238,731.4000000000977
0.2171503927969617,731.5000000000978
0.4340176038913962,731.6000000000978
-0.16964107646108703,731.7000000000978
0.6428196558695093,731.8000000000978
-0.14640255314312647,731.9000000000979
-0.26207238350245565,732.0000000000979
0.1014795728105787,732.1000000000979
0.76544877030832,732.2000000000979
0.7310119652267056,732.300000000098
0.21290431722951692,732.400000000098
0.9212514003947664,732.500000000098
0.23090749619069054,732.600000000098
-0.6286148408398131,732.700000000098
-0.8319165021246061,732.8000000000981
0.4667156976114757,732.9000000000981
0.2695821091032312,733.0000000000981
0.17004682378678948,733.1000000000981
-0.005902543207807157,733.2000000000982
-0.28721539408778074,733.3000000000982
-0.290360675027039,733.4000000000982
0.6583586827032595,733.5000000000982
-0.009564778074666977,733.6000000000982
0.27472567401184994,733.7000000000983
-0.12594330517035301,733.8000000000983
0.3067757772343348,733.9000000000983
-0.1326934009320242,734.0000000000983
-0.37504498819291154,734.1000000000984
0.4407811914157288,734.2000000000984
0.49513646484731033,734.3000000000984
0.23422028713533422,734.4000000000984
0.582713265845648,734.5000000000985
0.18467744379550344,734.6000000000985
0.5959935559199133,734.7000000000985
-0.1196656222783759,734.8000000000985
-0.3942766879402002,734.9000000000985
0.354542395116047,735.0000000000986
0.3182824275774818,735.1000000000986
0.27231636099386825,735.2000000000986
-0.16136774950743762,735.3000000000986
0.13776229786783206,735.4000000000987
0.4381116524218678,735.5000000000987
0.0714160329250988,735.6000000000987
-0.2630150314470405,735.7000000000987
0.1147808286558121,735.8000000000987
-0.18003441734408496,735.9000000000988
0.4997086700822243,736.0000000000988
0.18277796879899524,736.1000000000988
-0.26434734353984557,736.2000000000988
0.07017557751294363,736.3000000000989
-0.3974567331111155,736.4000000000989
0.19543132173100503,736.5000000000989
0.02946424592684732,736.6000000000989
0.2870146423657821,736.700000000099
0.2779827663294496,736.800000000099
0.09271636544963081,736.900000000099
0.18292031416262264,737.000000000099
0.09795588956052985,737.100000000099
-0.30725647206128015,737.2000000000991
0.7550978741190814,737.3000000000991
0.15414603436739227,737.4000000000991
-0.0487751975043168,737.5000000000991
-0.3195398304199012,737.6000000000992
-0.01866819479184889,737.7000000000992
-0.2108180035543046,737.8000000000992
0.34402322050879525,737.9000000000992
0.3290231007508069,738.0000000000992
0.010366231279307192,738.1000000000993
0.14737372445291674,738.2000000000993
0.017776572998028872,738.3000000000993
0.4093869302291534,738.4000000000993
0.10814972948135325,738.5000000000994
-0.022296296546842176,738.6000000000994
0.46591959133450844,738.7000000000994
-0.27482852092502075,738.8000000000994
0.10869625839856892,738.9000000000995
-0.07855205528072792,739.0000000000995
-0.447841469901198,739.1000000000995
0.8214067257122653,739.2000000000995
-0.17430819458339683,739.3000000000995
0.1677821338635782,739.4000000000996
-0.0019303551623715554,739.5000000000996
-0.3446452907827561,739.6000000000996
0.36233078330854274,739.7000000000996
-0.5181558221605509,739.8000000000997
1.1505803680373883,739.9000000000997
0.5638964293195856,740.0000000000997
-0.0213919916950374,740.1000000000997
-0.37123830399223723,740.2000000000997
-0.0972378480197161,740.3000000000998
0.4735837759306254,740.4000000000998
0.4030821181950234,740.5000000000998
-0.6440899084897191,740.6000000000998
0.5936942012965231,740.7000000000999
0.2897199565628623,740.8000000000999
-0.24527553339728372,740.9000000000999
-0.08420518996131432,741.0000000000999
0.6133725501252182,741.1000000001
0.23529844078157328,741.2000000001
-0.019443129312530075,741.3000000001
-0.009618396063657872,741.4000000001
0.42852124362431687,741.5000000001
0.06205940855884115,741.6000000001001
0.14227824960552496,741.7000000001001
0.6224996135373687,741.8000000001001
0.09663418676356764,741.9000000001001
-0.23199503861234347,742.0000000001002
-0.007341909276488798,742.1000000001002
-0.017810834602602174,742.2000000001002
-0.4716158346880389,742.3000000001002
0.23228592448766602,742.4000000001002
0.4355776399487047,742.5000000001003
0.15087724448071732,742.6000000001003
0.07830666466151842,742.7000000001003
0.0861087390276551,742.8000000001003
-0.5315393909253547,742.9000000001004
0.14184116832429677,743.0000000001004
0.1537675869590301,743.1000000001004
0.309165735694375,743.2000000001004
-0.36713491621908756,743.3000000001005
-0.33471554338026943,743.4000000001005
0.4124123686420338,743.5000000001005
0.48544181207117965,743.6000000001005
-0.04121492681099226,743.7000000001005
0.2462208662467307,743.8000000001006
0.014079622190534963,743.9000000001006
-0.30361990302364184,744.0000000001006
-0.052929726930718846,744.1000000001006
-0.043772731576278756,744.2000000001007
0.2643520712921415,744.3000000001007
-0.3401966405032265,744.4000000001007
0.2215493053014579,744.5000000001007
0.5996963743756633,744.6000000001007
0.295859512701035,744.7000000001008
0.37644515674231827,744.8000000001008
-0.05347273255878757,744.9000000001008
0.35247247942412374,745.0000000001008
-0.8161454974632644,745.1000000001009
-0.2031617364417634,745.2000000001009
0.09973399188349674,745.3000000001009
-0.01852331013013618,745.4000000001009
0.3725089729983805,745.500000000101
-0.32219026170369747,745.600000000101
-0.21563030458642804,745.700000000101
-0.5109747202911943,745.800000000101
-0.3417498193170656,745.900000000101
-0.03031761430814567,746.0000000001011
-0.18745114280027744,746.1000000001011
0.4290360397579279,746.2000000001011
-0.21070292784747066,746.3000000001011
0.34056377137899,746.4000000001012
-0.3520195424087339,746.5000000001012
-0.26679712881039086,746.6000000001012
0.006735155709728394,746.7000000001012
-0.017865925132590013,746.8000000001012
0.22253455955712187,746.9000000001013
-0.08983992209271835,747.0000000001013
0.32082260771757537,747.1000000001013
0.08570274129821459,747.2000000001013
0.29182053396997787,747.3000000001014
0.34945818338711915,747.4000000001014
-0.06985447366627864,747.5000000001014
0.3031821200627085,747.6000000001014
0.33959447069339604,747.7000000001015
0.28233692117462683,747.8000000001015
-0.2471200831805638,747.9000000001015
-0.007647046652714123,748.0000000001015
0.09113210401936384,748.1000000001015
-0.4593625016592684,748.2000000001016
0.3138836315095649,748.3000000001016
0.5756608350215277,748.4000000001016
0.19848469041430344,748.5000000001016
-0.12920025443692057,748.6000000001017
0.030656256983879082,748.7000000001017
0.0862483551789322,748.8000000001017
-0.07788428862626076,748.9000000001017
0.5750485382719913,749.0000000001017
0.16445640773399134,749.1000000001018
0.7521859040783306,749.2000000001018
0.15831289249853156,749.3000000001018
-0.05338486603562878,749.4000000001018
0.06614984171612012,749.5000000001019
0.22309506407953478,749.6000000001019
0.12565689628442603,749.7000000001019
0.24020766349840983,749.8000000001019
-0.12710268312637987,749.900000000102
-0.11349536169838056,750.000000000102
-0.0337171919419903,750.100000000102
0.3407276010382508,750.200000000102
0.43875531859450423,750.300000000102
0.13714061601121913,750.4000000001021
0.27737007192051355,750.5000000001021
0.20892086275689964,750.6000000001021
-0.09535898304585044,750.7000000001021
0.10475104691936786,750.8000000001022
-0.4570609738564,750.9000000001022
-0.04182752853816002,751.0000000001022
0.03858314261605715,751.1000000001022
0.8199605189417872,751.2000000001022
-0.3605622986723779,751.3000000001023
-0.20201151511511442,751.4000000001023
-0.15568268478117855,751.5000000001023
0.2821789960773279,751.6000000001023
-0.10464201627980738,751.7000000001024
-0.04306608992424921,751.8000000001024
-0.14989558075543039,751.9000000001024
-0.490145198248793,752.0000000001024
0.38731553318969203,752.1000000001025
0.2019711913401176,752.2000000001025
0.2750531945605724,752.3000000001025
0.2550833386255991,752.4000000001025
0.6053037125679954,752.5000000001025
0.6540165459562707,752.6000000001026
0.31360225342485626,752.7000000001026
-0.06194532479600656,752.8000000001026
0.4431984388001221,752.9000000001026
0.19497025061156156,753.0000000001027
0.3114523283362672,753.1000000001027
0.16922499144353895,753.2000000001027
-0.17403218297943088,753.3000000001027
0.08757221665142506,753.4000000001028
0.47804669814512923,753.5000000001028
0.3905621597858304,753.6000000001028
0.5731547541256194,753.7000000001028
-0.01651767199078806,753.8000000001028
0.16086032777087586,753.9000000001029
0.029114684716902622,754.0000000001029
0.18753336586289576,754.1000000001029
0.5095774680578903,754.2000000001029
0.1957256531318593,754.300000000103
-0.10650315454445475,754.400000000103
-0.08207595988855038,754.500000000103
-0.16353249885287915,754.600000000103
0.4431738667739523,754.700000000103
-0.5202588450334475,754.8000000001031
0.039552229555840444,754.9000000001031
0.10125908954889103,755.0000000001031
0.15707984268477035,755.1000000001031
0.6960024696772175,755.2000000001032
-0.1319190957784622,755.3000000001032
0.19351737401124866,755.4000000001032
0.030755652384524698,755.5000000001032
0.3591679937877196,755.6000000001033
-0.2502382413363675,755.7000000001033
0.23312027746314215,755.8000000001033
-0.17077441714587502,755.9000000001033
0.13588594443794902,756.0000000001033
-0.6995693533735771,756.1000000001034
0.13512847801376593,756.2000000001034
-0.26327610091977105,756.3000000001034
0.022568884800689,756.4000000001034
0.13122100546376805,756.5000000001035
0.16902191934799776,756.6000000001035
0.48621355518089227,756.7000000001035
-0.3347844785760822,756.8000000001035
-0.03619350097725896,756.9000000001035
0.04869170109706185,757.0000000001036
-0.3397803383605422,757.1000000001036
0.2947464613972429,757.2000000001036
-0.08365603609033809,757.3000000001036
0.07897587261637198,757.4000000001037
-0.07469216256034553,757.5000000001037
-0.1265375217785072,757.6000000001037
0.6392309770414606,757.7000000001037
-0.27342963552872,757.8000000001038
0.4209876195211296,757.9000000001038
0.5203717893928763,758.0000000001038
0.15883048326059174,758.1000000001038
-0.19268406078131847,758.2000000001038
-0.46873746088836954,758.3000000001039
-0.14239492734787437,758.4000000001039
-0.032403575400823836,758.5000000001039
0.011443312751911322,758.6000000001039
0.004071124533777906,758.700000000104
0.339238703682481,758.800000000104
-0.21954787451907107,758.900000000104
-0.02034600304532995,759.000000000104
0.14410332230048745,759.100000000104
0.3505080087551782,759.2000000001041
0.2555393930109635,759.3000000001041
0.5443526099997534,759.4000000001041
1.0260490122830368,759.5000000001041
-0.19852238989474727,759.6000000001042
0.07263280582216712,759.7000000001042
-0.09140520927722931,759.8000000001042
0.28291543159399213,759.9000000001042
-0.11136146540786718,760.0000000001043
0.2820987399328469,760.1000000001043
-0.552886988134972,760.2000000001043
0.2814719419337299,760.3000000001043
-0.1776262757570128,760.4000000001043
0.2506906115618698,760.5000000001044
0.21802962181842722,760.6000000001044
0.2839395901347219,760.7000000001044
-0.3586517630745295,760.8000000001044
0.9079755200489146,760.9000000001045
-0.28261800051866737,761.0000000001045
1.0263550692069823,761.1000000001045
0.04383980995138004,761.2000000001045
-0.1330731259884564,761.3000000001045
0.12590528771482873,761.4000000001046
-0.3893506530064583,761.5000000001046
0.14118053154855165,761.6000000001046
0.3241565626488202,761.7000000001046
0.5259880771345588,761.8000000001047
-0.26627230827089177,761.9000000001047
-0.5211727525260927,762.0000000001047
-0.02018431471414811,762.1000000001047
0.1835139623550733,762.2000000001048
-0.1608790731020369,762.3000000001048
-0.3626172625157964,762.4000000001048
0.5736399440403748,762.5000000001048
0.5415415027923902,762.6000000001048
0.6246869113237012,762.7000000001049
0.2918491181487208,762.8000000001049
0.12971349938624005,762.9000000001049
-0.10326602123649217,763.0000000001049
0.11176844033883379,763.100000000105
-0.27756781013179344,763.200000000105
0.14041767579691708,763.300000000105
0.29484913245327465,763.400000000105
0.43237001476274184,763.500000000105
-0.8651168278419142,763.6000000001051
0.5074521707083414,763.7000000001051
0.1951722244149975,763.8000000001051
0.3600277370745093,763.9000000001051
-0.5929192044398287,764.0000000001052
-0.3557291100238057,764.1000000001052
0.3085554968310155,764.2000000001052
-0.10306024597786664,764.3000000001052
-0.08023813205724925,764.4000000001053
0.3711079035324125,764.5000000001053
0.18110371599876124,764.6000000001053
0.050601486720773955,764.7000000001053
0.06956942771300194,764.8000000001053
-0.26897278096548083,764.9000000001054
0.12006101954414476,765.0000000001054
-0.2763044263664123,765.1000000001054
0.9471290139582956,765.2000000001054
-0.6477421250698261,765.3000000001055
0.1406608064436065,765.4000000001055
0.0923808196995001,765.5000000001055
0.256387109889958,765.6000000001055
0.3953211100079411,765.7000000001055
0.36120380366505056,765.8000000001056
-0.4618744473867401,765.9000000001056
0.22518307016623867,766.0000000001056
0.33179380191494096,766.1000000001056
-0.21076987480197754,766.2000000001057
-0.24252814363781325,766.3000000001057
-0.2498168019290732,766.4000000001057
0.08776498598658201,766.5000000001057
0.2806336275368223,766.6000000001058
0.284402808430511,766.7000000001058
0.2702949170862046,766.8000000001058
0.01668307669393762,766.9000000001058
0.020135040949306862,767.0000000001058
-0.15180797044248687,767.1000000001059
0.39705935448451046,767.2000000001059
0.5238020420217632,767.3000000001059
0.5244721815126584,767.4000000001059
0.09945431807228083,767.500000000106
0.4089618689839839,767.600000000106
0.07434652170897812,767.700000000106
0.147003257417087,767.800000000106
0.22436097154575468,767.900000000106
0.20898591195151878,768.0000000001061
0.34778433005577036,768.1000000001061
-0.20956664210271045,768.2000000001061
0.6254801082088286,768.3000000001061
-0.1379596121849974,768.4000000001062
0.1879270907880134,768.5000000001062
0.17579305933885478,768.6000000001062
0.11016655780307952,768.7000000001062
0.2511750161069229,768.8000000001063
-0.29254730986222144,768.9000000001063
0.6779037957760208,769.0000000001063
0.27996022460861314,769.1000000001063
-0.1942327543128399,769.2000000001063
0.4430284266008381,769.3000000001064
0.11700567679636469,769.4000000001064
0.6154034426763986,769.5000000001064
0.3733268919865762,769.6000000001064
0.11766873823416515,769.7000000001065
-0.4563543469778012,769.8000000001065
-0.5309983783522072,769.9000000001065
0.26941314820884865,770.0000000001065
-0.26059663407088496,770.1000000001065
-0.08145711967756672,770.2000000001066
-0.29759979681647264,770.3000000001066
-0.009333415613550694,770.4000000001066
-0.19795804733885033,770.5000000001066
-0.13377081617709238,770.6000000001067
0.06280228906652646,770.7000000001067
0.41386231577968036,770.8000000001067
0.09814136254928432,770.9000000001067
0.7294560174885762,771.0000000001068
-0.413018689098812,771.1000000001068
0.0352944079996457,771.2000000001068
-0.3422590817671689,771.3000000001068
0.37969848489281954,771.4000000001068
0.4433632656109252,771.5000000001069
0.0817923879539186,771.6000000001069
-0.214721495757167,771.7000000001069
-0.5243096325148822,771.8000000001069
-0.6288681355866169,771.900000000107
-0.23631694212456197,772.000000000107
-0.028269775843451805,772.100000000107
-0.007280536495742201,772.200000000107
0.5143352396513292,772.300000000107
-0.048350891770052,772.4000000001071
-0.13080765272607553,772.5000000001071
-0.10068224438836243,772.6000000001071
-0.350810208688508,772.7000000001071
-0.027093700756024602,772.8000000001072
0.2470334007439891,772.9000000001072
0.23908293393879587,773.0000000001072
0.04842047566205817,773.1000000001072
0.6023549423119091,773.2000000001073
-0.533863484554405,773.3000000001073
-0.06504287745249282,773.4000000001073
0.3332848686791798,773.5000000001073
0.03845758110550085,773.6000000001073
-0.01904410094720896,773.7000000001074
0.288950698666102,773.8000000001074
0.25023247577081564,773.9000000001074
-0.6247542438073669,774.0000000001074
0.5015037968169659,774.1000000001075
0.35085897950118183,774.2000000001075
0.3460645660525958,774.3000000001075
0.5221630263272005,774.4000000001075
0.11457239329313353,774.5000000001075
-0.1296557596402048,774.6000000001076
0.09298712039819594,774.7000000001076
-0.24960018063923203,774.8000000001076
0.37907310478938927,774.9000000001076
0.26362330167494497,775.0000000001077
0.18998714765477712,775.1000000001077
0.22139814829837962,775.2000000001077
0.06755777895976478,775.3000000001077
-0.19134532811106134,775.4000000001078
0.07165785368830896,775.5000000001078
0.4165264821755279,775.6000000001078
0.3636789101146989,775.7000000001078
0.07075593192743113,775.8000000001078
0.37054790408117655,775.9000000001079
0.33699804149158535,776.0000000001079
-0.08276691063647121,776.1000000001079
-0.04977154281348731,776.2000000001079
-0.06176396659329553,776.300000000108
0.38611714277634923,776.400000000108
-0.4681147734720956,776.500000000108
0.24285766933718028,776.600000000108
0.12981852650750686,776.700000000108
0.17755495522443632,776.8000000001081
0.23209578643818013,776.9000000001081
0.058455538683793336,777.0000000001081
0.32711538962327336,777.1000000001081
0.1304339500555545,777.2000000001082
-0.17058405549172653,777.3000000001082
0.5282023395216172,777.4000000001082
0.5133009106597437,777.5000000001082
0.33854887305205583,777.6000000001083
0.27240543070403156,777.7000000001083
0.2260844227253093,777.8000000001083
0.43831299729117423,777.9000000001083
-0.09658068703546163,778.0000000001083
-0.13591112643491968,778.1000000001084
-0.0736473395733159,778.2000000001084
0.21463470274687818,778.3000000001084
-0.04033579034477089,778.4000000001084
0.5133843570354054,778.5000000001085
0.14548329497476603,778.6000000001085
0.42196389521813993,778.7000000001085
0.09983393863897563,778.8000000001085
-0.007749560601172836,778.9000000001085
-0.1283324368632632,779.0000000001086
0.4311086221646463,779.1000000001086
0.18617961677201383,779.2000000001086
0.09387448183111882,779.3000000001086
0.21909620299736876,779.4000000001087
-0.017097763959587467,779.5000000001087
0.0537785461416011,779.6000000001087
0.5111937651425627,779.7000000001087
0.20902210724202624,779.8000000001088
0.3759644683333022,779.9000000001088
0.39512727374599654,780.0000000001088
-0.4833631748006795,780.1000000001088
0.678078069656221,780.2000000001088
0.0005029135059424206,780.3000000001089
0.22073030913179018,780.4000000001089
0.1613687707329826,780.5000000001089
0.3192956749168148,780.6000000001089
0.6014517282648894,780.700000000109
0.32082125300961983,780.800000000109
-0.4204800175399629,780.900000000109
0.19814400474604074,781.000000000109
0.45669462396776006,781.100000000109
0.001970304261584163,781.2000000001091
-0.09218355851741589,781.3000000001091
0.010396734388988166,781.4000000001091
-0.06664337998211842,781.5000000001091
0.12459768861932058,781.6000000001092
-0.09164586965162758,781.7000000001092
0.3847220682291005,781.8000000001092
0.36124561755763174,781.9000000001092
-0.022587518041268906,782.0000000001093
-0.2874553233211101,782.1000000001093
0.13502160487161852,782.2000000001093
0.39225849677680547,782.3000000001093
0.3147963672632278,782.4000000001093
0.1476361079471012,782.5000000001094
0.03485084294057397,782.6000000001094
0.9775942549598389,782.7000000001094
-0.4738373208545872,782.8000000001094
0.34813896416249657,782.9000000001095
-0.21565772487116494,783.0000000001095
0.21688150108864468,783.1000000001095
1.0735151457669407,783.2000000001095
0.4599219989717175,783.3000000001095
-0.46600299252125765,783.4000000001096
0.5738215191725169,783.5000000001096
-0.22186065557486986,783.6000000001096
0.2444269536117946,783.7000000001096
0.27655723303234747,783.8000000001097
0.06114288757566021,783.9000000001097
0.4165548013823439,784.0000000001097
-0.1898255289446523,784.1000000001097
0.18135421003120597,784.2000000001098
-0.24421877352164853,784.3000000001098
-0.3802818640898109,784.4000000001098
0.12641860063010033,784.5000000001098
0.3322282254438448,784.6000000001098
0.03906166627569719,784.7000000001099
-0.08577686525541917,784.8000000001099
-0.19980762648745196,784.9000000001099
0.6131207240958704,785.0000000001099
-0.16054512146925917,785.10000000011
0.004661718887334035,785.20000000011
-0.08359570163904015,785.30000000011
0.15140791443146184,785.40000000011
0.3057171592828121,785.50000000011
0.2181355840055243,785.6000000001101
-0.04700187540631917,785.7000000001101
0.2994031871201055,785.8000000001101
0.5496359545414644,785.9000000001101
0.512157476678807,786.0000000001102
-0.11100784258699223,786.1000000001102
-0.20622841709902442,786.2000000001102
-0.17186320198111352,786.3000000001102
-0.17076630852340316,786.4000000001103
0.4345339313589487,786.5000000001103
-0.42520544953503314,786.6000000001103
0.3692517059711019,786.7000000001103
-0.03907718107330613,786.8000000001103
0.63859200114959,786.9000000001104
-0.04256279463948681,787.0000000001104
-0.24111454230867932,787.1000000001104
0.3699283480211053,787.2000000001104
0.3459238771667704,787.3000000001105
0.3662981227700398,787.4000000001105
-0.16829303492644535,787.5000000001105
-0.6669349971300065,787.6000000001105
-0.09838529514747252,787.7000000001105
0.6916094779231963,787.8000000001106
0.09217019782996279,787.9000000001106
0.3391514251641248,788.0000000001106
0.10179506136874777,788.1000000001106
0.20889204031937963,788.2000000001107
0.21137825190073906,788.3000000001107
-0.013897971035383802,788.4000000001107
-0.48319877496162533,788.5000000001107
0.13001689268712502,788.6000000001108
-0.11376919341271882,788.7000000001108
0.2985488434352337,788.8000000001108
-0.0798183932417163,788.9000000001108
0.046648313524045096,789.0000000001108
0.3163891276496962,789.1000000001109
0.17162996493074373,789.2000000001109
0.429848789166662,789.3000000001109
-0.3672434041360546,789.4000000001109
-0.08315623251758741,789.500000000111
-0.12009065601122279,789.600000000111
-0.2328471174767622,789.700000000111
-0.0692023982252293,789.800000000111
-0.20584209794611394,789.900000000111
-0.4802282207057965,790.0000000001111
0.06912037179384366,790.1000000001111
0.395960809766035,790.2000000001111
0.21275299388107766,790.3000000001111
1.0320188897362153,790.4000000001112
0.1585123199906873,790.5000000001112
-0.2520705932651698,790.6000000001112
-0.008602143455346004,790.7000000001112
-0.039046185899283714,790.8000000001113
-0.07638037470829037,790.9000000001113
-0.4375650426797584,791.0000000001113
0.19606834046813326,791.1000000001113
-0.06702387847429075,791.2000000001113
-0.004259683846600554,791.3000000001114
0.2504255653463071,791.4000000001114
-0.3275935053199237,791.5000000001114
0.29084356445632664,791.6000000001114
0.1264282340533162,791.7000000001115
-0.6712316244395612,791.8000000001115
0.10070000956996214,791.9000000001115
0.1876198200158014,792.0000000001115
0.3485316745258311,792.1000000001115
0.04767668947592079,792.2000000001116
0.4348304389892693,792.3000000001116
0.24096524457452062,792.4000000001116
0.20860540563755123,792.5000000001116
0.7386405097124367,792.6000000001117
-0.15054982313191853,792.7000000001117
0.4910032891024503,792.8000000001117
0.36637063857371943,792.9000000001117
0.8897762585642399,793.0000000001118
0.5197775797130368,793.1000000001118
0.2843819279038734,793.2000000001118
0.11323563677011643,793.3000000001118
-0.32460499711610347,793.4000000001118
-0.057792276015606686,793.5000000001119
0.19549113228112974,793.6000000001119
0.5990193598429203,793.7000000001119
0.08437167541133317,793.8000000001119
0.15568521031062194,793.900000000112
0.3830668945291231,794.000000000112
0.0807436556449346,794.100000000112
0.5784429016096577,794.200000000112
-0.08362210929299674,794.300000000112
-0.05257242817103944,794.4000000001121
0.3775884961397008,794.5000000001121
0.09752654640980932,794.6000000001121
-0.3082542977446687,794.7000000001121
-0.1095204812324301,794.8000000001122
-0.06711067892764266,794.9000000001122
-0.35176065393982625,795.0000000001122
0.0692885557622813,795.1000000001122
0.14859025221665456,795.2000000001123
0.08144701918675368,795.3000000001123
0.06196396552320059,795.4000000001123
0.1327142342982976,795.5000000001123
0.263794876283431,795.6000000001123
0.5068738793784102,795.7000000001124
0.6162358429220518,795.8000000001124
-0.003534514407795522,795.9000000001124
-0.4758551071589874,796.0000000001124
0.6033114585345972,796.1000000001125
0.3569999649072606,796.2000000001125
0.6798804626246066,796.3000000001125
-0.4708484796918234,796.4000000001125
-0.08191152654760131,796.5000000001125
-0.11276729479643169,796.6000000001126
-0.31003226534072326,796.7000000001126
-0.06290291611238924,796.8000000001126
0.13739614520340726,796.9000000001126
0.5319211225164555,797.0000000001127
-0.218235076296768,797.1000000001127
0.2308557745430056,797.2000000001127
0.2170445519608899,797.3000000001127
0.05093778800104604,797.4000000001128
0.6120885850158866,797.5000000001128
0.45450361428304586,797.6000000001128
0.06454298638081285,797.7000000001128
0.6251938744694653,797.8000000001128
0.2935526045712722,797.9000000001129
-0.0959889590893595,798.0000000001129
-0.02645935273900854,798.1000000001129
-0.5450838614942088,798.2000000001129
0.1717413873311087,798.300000000113
0.17917008027816403,798.400000000113
0.17661242452889403,798.500000000113
-0.23391818245908244,798.600000000113
-0.1580151061532238,798.700000000113
-0.19945405676061814,798.8000000001131
-0.23062469339329403,798.9000000001131
0.19597085463015257,799.0000000001131
-0.0008704342407557242,799.1000000001131
0.10867772481018435,799.2000000001132
0.11021697936617045,799.3000000001132
-0.29772610912110475,799.4000000001132
0.37900585105600215,799.5000000001132
0.2919387585315316,799.6000000001133
0.23156150085343716,799.7000000001133
0.06613698324090712,799.8000000001133
0.2288971790626605,799.9000000001133
-0.5149315877215496,800.0000000001133
-0.2458318637407991,800.1000000001134
-0.40820347424366155,800.2000000001134
0.24377091208702056,800.3000000001134
-0.6960628239460557,800.4000000001134
0.39075875811042393,800.5000000001135
0.00882514252058432,800.6000000001135
0.013265411583005204,800.7000000001135
-0.2078316334794433,800.8000000001135
-0.2416894642414442,800.9000000001136
-0.05572643307724107,801.0000000001136
-0.11405082423504093,801.1000000001136
-0.0071299267286944745,801.2000000001136
0.2792155461501656,801.3000000001136
0.06739501965275879,801.4000000001137
0.1795561168552281,801.5000000001137
0.39731435129799964,801.6000000001137
0.10956822349207837,801.7000000001137
0.659541940568279,801.8000000001138
-0.07163303939128163,801.9000000001138
0.24513072609287795,802.0000000001138
0.5092557247582484,802.1000000001138
0.16114804790751294,802.2000000001138
0.07322577108634079,802.3000000001139
0.47461294176763247,802.4000000001139
0.3614564559159349,802.5000000001139
-0.03824038256747633,802.6000000001139
0.2505781135568664,802.700000000114
0.3058877682052556,802.800000000114
0.0193619011237674,802.900000000114
0.1857102252137568,803.000000000114
0.1815800721857882,803.100000000114
0.25656890700633156,803.2000000001141
0.7852192038425756,803.3000000001141
-0.2899684109556554,803.4000000001141
0.353022151146956,803.5000000001141
0.27409406803811814,803.6000000001142
-0.46234325797615206,803.7000000001142
0.2347184185884228,803.8000000001142
0.23752533298044745,803.9000000001142
-0.391200413752941,804.0000000001143
-0.33495921395166284,804.1000000001143
0.10144149356727564,804.2000000001143
0.40265219380052386,804.3000000001143
0.5587976843881697,804.4000000001143
-0.2126098315197482,804.5000000001144
-0.20018672406676566,804.6000000001144
-0.14654576468310815,804.7000000001144
-0.1446660118004336,804.8000000001144
0.168155031547505,804.9000000001145
-0.2787618609082304,805.0000000001145
0.21503922937566616,805.1000000001145
0.09997540816784846,805.2000000001145
-0.02493202045590101,805.3000000001146
0.04373762010665259,805.4000000001146
0.05088657929149677,805.5000000001146
0.38827541994265413,805.6000000001146
0.7642218356272675,805.7000000001146
-0.42174894053217793,805.8000000001147
0.34444128151551573,805.9000000001147
-0.35705294507368457,806.0000000001147
0.07472035231664381,806.1000000001147
0.2798923027829744,806.2000000001148
-0.17856228107131497,806.3000000001148
0.01730418397113659,806.4000000001148
0.1889158462449746,806.5000000001148
0.19718279680111928,806.6000000001148
-0.4797760489904336,806.7000000001149
-0.7381026549954182,806.8000000001149
-0.3343065363499935,806.9000000001149
-0.05659155948941025,807.0000000001149
0.3594952357950558,807.100000000115
-0.17652709619810839,807.200000000115
0.10810084313385107,807.300000000115
-0.07770291503153406,807.400000000115
0.2941408213151785,807.500000000115
-0.11363403669514649,807.6000000001151
-0.009871862447972085,807.7000000001151
0.0537484184535697,807.8000000001151
0.38995374176329944,807.9000000001151
0.7243097937084416,808.0000000001152
0.3949533344560381,808.1000000001152
-0.013898868013002108,808.2000000001152
0.26478595196328847,808.3000000001152
-0.004823158179351125,808.4000000001153
0.23313408257590476,808.5000000001153
0.35890834341984357,808.6000000001153
-0.09432836254431667,808.7000000001153
-0.09793159649346966,808.8000000001153
-0.09147028290340262,808.9000000001154
-0.17095356274569065,809.0000000001154
-0.18507624307973805,809.1000000001154
0.3391178941674251,809.2000000001154
-0.03253116108415974,809.3000000001155
-0.022103668038997548,809.4000000001155
0.08897393206845623,809.5000000001155
0.613709631468016,809.6000000001155
0.0731605979878945,809.7000000001156
-0.09760466182127087,809.8000000001156
0.4820839661941405,809.9000000001156
-0.1960241851454452,810.0000000001156
-0.28676724763488604,810.1000000001156
0.7656787202456481,810.2000000001157
-0.15530792991356698,810.3000000001157
0.17523436639892978,810.4000000001157
0.237149767537428,810.5000000001157
0.1349497821770717,810.6000000001158
0.6221787630655501,810.7000000001158
-0.16415390784625603,810.8000000001158
-0.1877447801908829,810.9000000001158
0.2444006507650601,811.0000000001158
-0.0008099483494579812,811.1000000001159
0.19787540658652195,811.2000000001159
-0.0155764798851169,811.3000000001159
0.2879383716512758,811.4000000001159
-0.4096149241723417,811.500000000116
0.4950679018257983,811.600000000116
0.3881425110942669,811.700000000116
-0.14491758208127517,811.800000000116
-0.02514595911684739,811.900000000116
-0.1327996632405478,812.0000000001161
-0.024724580574310567,812.1000000001161
0.2828912138802715,812.2000000001161
0.05843597694612416,812.3000000001161
0.2717478405508349,812.4000000001162
0.09794336671121825,812.5000000001162
-0.1990911553452532,812.6000000001162
0.06049901853694712,812.7000000001162
0.3167929740487588,812.8000000001163
0.3791298795602627,812.9000000001163
-0.035639669614129704,813.0000000001163
0.20500041114804124,813.1000000001163
0.5089897494426425,813.2000000001163
-0.28571096693636944,813.3000000001164
-0.1964679510238326,813.4000000001164
0.6714848917963002,813.5000000001164
0.9421846584076398,813.6000000001164
0.25610189258383587,813.7000000001165
0.09185854260276313,813.8000000001165
-0.1607108656580872,813.9000000001165
-0.1305482594105521,814.0000000001165
0.0030152894309598,814.1000000001166
-0.18284362546998176,814.2000000001166
-0.19620972973851156,814.3000000001166
-0.383810233047988,814.4000000001166
-0.028073733991030136,814.5000000001166
0.4938532796047279,814.6000000001167
0.2585578259640172,814.7000000001167
-0.21475151802135048,814.8000000001167
0.35319000128090794,814.9000000001167
-0.3138301657444441,815.0000000001168
0.24097823673619903,815.1000000001168
-0.5336807093686211,815.2000000001168
0.21405232791709167,815.3000000001168
-0.17143262226798292,815.4000000001168
-0.02286413556524991,815.5000000001169
-0.147352767527905,815.6000000001169
0.48312610858680827,815.7000000001169
0.3386764343974017,815.8000000001169
0.5958119879365461,815.900000000117
-0.5733972254613251,816.000000000117
-0.3101795088886654,816.100000000117
0.28744947416769817,816.200000000117
0.2222011586409245,816.300000000117
0.27352411452924896,816.4000000001171
0.3898434474526308,816.5000000001171
-0.06420774064672974,816.6000000001171
0.05510766573010336,816.7000000001171
0.19893171899444081,816.8000000001172
0.17628556875639995,816.9000000001172
0.4279780153957139,817.0000000001172
0.34307539879440385,817.1000000001172
0.29161253623865446,817.2000000001173
0.1643185558340881,817.3000000001173
0.03025869554409416,817.4000000001173
0.3638411345102299,817.5000000001173
-0.2975456914719734,817.6000000001173
-0.07139775844939156,817.7000000001174
0.3888564226026344,817.8000000001174
-0.08347247160475196,817.9000000001174
0.24672226824357146,818.0000000001174
0.2330490966074515,818.1000000001175
0.17902610717039358,818.2000000001175
-0.10801737894678681,818.3000000001175
0.05902416290072574,818.4000000001175
-0.2184540217289144,818.5000000001176
-0.5568080663153425,818.6000000001176
-0.08142589445469514,818.7000000001176
0.008314262838830605,818.8000000001176
0.23334597074152566,818.9000000001176
0.17112430138768264,819.0000000001177
0.08469754784291825,819.1000000001177
-0.12640664883985828,819.2000000001177
-0.28722114607486415,819.3000000001177
-0.3494542796086132,819.4000000001178
0.45286404510844136,819.5000000001178
0.818711817481921,819.6000000001178
-0.1285235722513557,819.7000000001178
0.18919341587203725,819.8000000001178
0.24140674710559418,819.9000000001179
-0.03828896658331296,820.0000000001179
-0.09690189250348402,820.1000000001179
-0.13056849945102475,820.2000000001179
0.7274852177848107,820.300000000118
0.18405477192595665,820.400000000118
0.4820884018228012,820.500000000118
0.7154508244363539,820.600000000118
0.1439664758969748,820.700000000118
0.3755711264115964,820.8000000001181
0.3131805353207021,820.9000000001181
0.4448275315668817,821.0000000001181
-0.373424376243333,821.1000000001181
-0.23992672703642617,821.2000000001182
0.2817920345029732,821.3000000001182
0.36290736408628377,821.4000000001182
0.2039514819770032,821.5000000001182
0.1843259115863985,821.6000000001183
-0.10279642003802156,821.7000000001183
-0.7656728251570292,821.8000000001183
0.10911879088754547,821.9000000001183
0.4343429662043836,822.0000000001183
0.013707892627060736,822.1000000001184
-0.11617891145573764,822.2000000001184
-0.07981797853818604,822.3000000001184
0.9761499637918062,822.4000000001184
-0.08090901434044948,822.5000000001185
0.4902091957273792,822.6000000001185
0.24540866455167726,822.7000000001185
0.9178010959497473,822.8000000001185
-0.22532742999183844,822.9000000001186
-0.35240595053334733,823.0000000001186
0.5033329918812743,823.1000000001186
0.629409145552969,823.2000000001186
0.12430230037098833,823.3000000001186
0.2323409485813426,823.4000000001187
-0.019829382927842018,823.5000000001187
0.3454663467312957,823.6000000001187
0.4529664390086857,823.7000000001187
0.21287179089205333,823.8000000001188
0.46028210334695185,823.9000000001188
0.5003638205228352,824.0000000001188
0.7176442739506427,824.1000000001188
-0.2508579135460185,824.2000000001188
0.03807388874852979,824.3000000001189
-0.25386160641406064,824.4000000001189
0.390474881707206,824.5000000001189
0.1963638971048579,824.6000000001189
0.6255354229638679,824.700000000119
0.32591278545193103,824.800000000119
-0.1213071992200914,824.900000000119
0.6090519358973923,825.000000000119
0.16537793052547506,825.100000000119
-0.5221883304768609,825.2000000001191
0.4775578735263042,825.3000000001191
-0.16344355707474814,825.4000000001191
0.09965214748124361,825.5000000001191
0.2578926927224602,825.6000000001192
0.5363110123406912,825.7000000001192
0.05866743514912584,825.8000000001192
0.15085981811579235,825.9000000001192
-0.6521183530641786,826.0000000001193
-0.3583707942110853,826.1000000001193
-0.1744345695564086,826.2000000001193
0.19183926769725734,826.3000000001193
-0.08957411848744315,826.4000000001193
0.050312709474048735,826.5000000001194
-0.029845492298109066,826.6000000001194
0.2665047458801717,826.7000000001194
0.016760943262698766,826.8000000001194
0.2829197328438531,826.9000000001195
-0.24072502162368933,827.0000000001195
-0.18997480596412522,827.1000000001195
0.030649766497523948,827.2000000001195
0.28414618924990054,827.3000000001196
0.5894478956684789,827.4000000001196
-0.17989718083366765,827.5000000001196
-0.42140330071643817,827.6000000001196
0.09396546837449495,827.7000000001196
-0.023722852232769154,827.8000000001197
-0.02776746534222327,827.9000000001197
-0.26895943500154074,828.0000000001197
0.2072426374358001,828.1000000001197
-0.37227971560001294,828.2000000001198
-0.3474443946993728,828.3000000001198
-0.2747526937988911,828.4000000001198
0.17261926206485373,828.5000000001198
0.24151436134174475,828.6000000001198
-0.2885841809140286,828.7000000001199
0.3329591761166804,828.8000000001199
-0.1261804214073226,828.9000000001199
0.0862550236622023,829.0000000001199
0.4327845497154955,829.10000000012
0.1603033466098141,829.20000000012
0.09751250774673403,829.30000000012
0.17877654686147873,829.40000000012
0.46808301727682455,829.50000000012
-0.2534116754252431,829.6000000001201
-0.1969874973721317,829.7000000001201
0.4559249873141623,829.8000000001201
-0.0041169778488261005,829.9000000001201
-0.2263294073028079,830.0000000001202
0.3886713662848913,830.1000000001202
0.48693930133819496,830.2000000001202
0.25029602312708166,830.3000000001202
0.4888179291860617,830.4000000001203
0.23827327366922935,830.5000000001203
0.5555549604479498,830.6000000001203
-0.003715129529407571,830.7000000001203
-0.10919531667396448,830.8000000001203
0.24426428971725447,830.9000000001204
0.3044980722170979,831.0000000001204
-0.05480551735742781,831.1000000001204
0.19460059526611456,831.2000000001204
0.12322334415270027,831.3000000001205
0.28276044705224057,831.4000000001205
-0.43946618667499493,831.5000000001205
-0.14680386995525577,831.6000000001205
-0.3008377932510399,831.7000000001206
-0.33812024151750286,831.8000000001206
0.4596125324977022,831.9000000001206
-0.22697468384725397,832.0000000001206
0.18123970139459622,832.1000000001206
0.06150600416258097,832.2000000001207
-0.39088992989542626,832.3000000001207
0.3446975497876589,832.4000000001207
0.5248236562620667,832.5000000001207
-0.06731003944216013,832.6000000001208
0.08718783386793746,832.7000000001208
-0.29139729182859553,832.8000000001208
0.1453443299111149,832.9000000001208
-0.14350049233688322,833.0000000001208
-0.09086993195674145,833.1000000001209
-0.5669927335978755,833.2000000001209
0.432763383676811,833.3000000001209
0.33821837770482854,833.4000000001209
-0.10804277567051404,833.500000000121
0.032623376105790025,833.600000000121
0.11966207538990246,833.700000000121
-0.11511217515450436,833.800000000121
-0.41366531029165265,833.900000000121
-0.1814092129499786,834.0000000001211
-0.34370456499116275,834.1000000001211
0.15217182504270363,834.2000000001211
-0.03674255735781687,834.3000000001211
-0.032784096506637966,834.4000000001212
0.27264904030308806,834.5000000001212
0.17591782786890414,834.6000000001212
0.4148185935495343,834.7000000001212
0.08372269514067181,834.8000000001213
0.2573416303679037,834.9000000001213
-0.7257227702636635,835.0000000001213
0.7503256556097879,835.1000000001213
0.07753744183786086,835.2000000001213
0.08540880807360325,835.3000000001214
-0.2896289594402012,835.4000000001214
-0.03205392123975068,835.5000000001214
0.1385084256182729,835.6000000001214
0.7714483346266738,835.7000000001215
0.7631062542514204,835.8000000001215
-0.42710379873286997,835.9000000001215
0.6312014423533462,836.0000000001215
0.058433807200786406,836.1000000001216
0.2826688909229483,836.2000000001216
0.7228422462682266,836.3000000001216
0.11828444422390602,836.4000000001216
0.198242060045414,836.5000000001216
0.33363224687677506,836.6000000001217
0.09987693856872863,836.7000000001217
0.3899035720944205,836.8000000001217
0.1694499392778266,836.9000000001217
-0.009869245506179972,837.0000000001218
-0.35240899414284144,837.1000000001218
0.06826195515079786,837.2000000001218
0.31053717563237837,837.3000000001218
0.4035152011068306,837.4000000001218
-0.5063243071099526,837.5000000001219
0.2876961051092546,837.6000000001219
0.39122110864431925,837.7000000001219
0.5481721337157467,837.8000000001219
-0.3784283074072671,837.900000000122
0.128880925163922,838.000000000122
-0.076193379686146,838.100000000122
0.08517696719427056,838.200000000122
0.7121971190114382,838.300000000122
-0.2774974816939929,838.4000000001221
0.5860282805394728,838.5000000001221
-0.05649648430382731,838.6000000001221
0.6948776637743208,838.7000000001221
-0.058563315058766,838.8000000001222
-0.3764634301816645,838.9000000001222
0.5325752820380542,839.0000000001222
-0.12497368241236936,839.1000000001222
0.02129747521617148,839.2000000001223
0.2273982053895715,839.3000000001223
0.7680029556520297,839.4000000001223
-0.11934817898051472,839.5000000001223
0.5646001533514908,839.6000000001223
0.14898004856122266,839.7000000001224
0.8260686172115822,839.8000000001224
-0.12961843920227273,839.9000000001224
0.17694882372085488,840.0000000001224
0.03431971264581954,840.1000000001225
0.15224638705816074,840.2000000001225
0.26175810407180394,840.3000000001225
0.002030844499784648,840.4000000001225
-0.20246916958567115,840.5000000001226
0.06008938573380873,840.6000000001226
-0.13413131009895896,840.7000000001226
-0.16202120053968808,840.8000000001226
-0.3964338570831747,840.9000000001226
-0.10158214277284722,841.0000000001227
0.04184143914034838,841.1000000001227
0.29434631557719904,841.2000000001227
-0.12694514507224908,841.3000000001227
0.5925880698730364,841.4000000001228
0.19919116424004718,841.5000000001228
-0.5544512548702604,841.6000000001228
-0.4616766834717003,841.7000000001228
0.4076701412901865,841.8000000001228
0.2921767694060171,841.9000000001229
-0.2933081628032498,842.0000000001229
-0.11023178273989073,842.1000000001229
-0.3495081596797397,842.2000000001229
-0.2557554881447851,842.300000000123
0.21738061354018468,842.400000000123
-0.03639110948229751,842.500000000123
0.0881509715545987,842.600000000123
0.06273990967129411,842.700000000123
0.5487980793102603,842.8000000001231
0.4102897914976791,842.9000000001231
0.06563350733105691,843.0000000001231
0.1733041963744979,843.1000000001231
-0.01939880067569226,843.2000000001232
0.027464205496777,843.3000000001232
-0.027892029698206477,843.4000000001232
0.28032521701816415,843.5000000001232
-0.1731589731598517,843.6000000001233
0.017580579714167127,843.7000000001233
0.3711159965112144,843.8000000001233
-0.2322735887987488,843.9000000001233
0.21725385749944748,844.0000000001234
-0.329993637815849,844.1000000001234
0.24512010409583257,844.2000000001234
0.08236911537116846,844.3000000001234
0.03239467399864514,844.4000000001234
0.31468640130559544,844.5000000001235
-0.2977395602109414,844.6000000001235
-0.11129349998603791,844.7000000001235
0.07687088925178738,844.8000000001235
0.558574362528198,844.9000000001236
0.06474302859759495,845.0000000001236
-0.006361199718512539,845.1000000001236
0.09397804926027252,845.2000000001236
0.12218205599520242,845.3000000001236
0.21962782531203018,845.4000000001237
-0.10868701133381029,845.5000000001237
-0.5153882291705162,845.6000000001237
0.2400666340717199,845.7000000001237
0.6978357453148037,845.8000000001238
0.8106921736056686,845.9000000001238
0.26020559072701926,846.0000000001238
0.514797068268569,846.1000000001238
0.3785792159956216,846.2000000001239
-0.12388914692401676,846.3000000001239
0.005665038261205957,846.4000000001239
0.41188244375036764,846.5000000001239
0.03553467126676882,846.6000000001239
0.06832121310972927,846.700000000124
0.7766706958600138,846.800000000124
0.2192376902473936,846.900000000124
-0.033423956722958365,847.000000000124
0.045693670226249226,847.100000000124
0.4752309322684106,847.2000000001241
0.12708015297597441,847.3000000001241
0.42034623412258787,847.4000000001241
0.5244047875227992,847.5000000001241
-0.13885845029132818,847.6000000001242
-0.2472550899668111,847.7000000001242
-0.40599923833634577,847.8000000001242
-0.044510227778318034,847.9000000001242
-0.09936358789055483,848.0000000001243
-0.24592864041409937,848.1000000001243
-0.38264990127290965,848.2000000001243
0.2733283053087081,848.3000000001243
-0.018059242651258967,848.4000000001244
0.1894888362757167,848.5000000001244
0.0168706517464961,848.6000000001244
0.138438230775362,848.7000000001244
0.5645964412101141,848.8000000001244
-0.0860809612461445,848.9000000001245
0.07299407294341598,849.0000000001245
0.3139423813597753,849.1000000001245
0.25757109647393855,849.2000000001245
-0.5298295845385708,849.3000000001246
-0.47561061200752974,849.4000000001246
-0.04504749721963475,849.5000000001246
-0.16614522999207962,849.6000000001246
-0.10311487343614759,849.7000000001246
0.5286064704326796,849.8000000001247
-0.12793299060316835,849.9000000001247
-0.3794414072956821,850.0000000001247
-0.23936895548516543,850.1000000001247
0.8574194128578114,850.2000000001248
0.21826979834229437,850.3000000001248
0.4312547327614077,850.4000000001248
-0.4240365875902232,850.5000000001248
0.06740302823166691,850.6000000001249
-0.11290661537515545,850.7000000001249
0.3300598057166084,850.8000000001249
0.27040471662153925,850.9000000001249
0.22347452719778033,851.0000000001249
0.11031767579947509,851.100000000125
-0.17082321435157813,851.200000000125
0.10011308711929934,851.300000000125
0.004129923604853314,851.400000000125
0.6346005193079379,851.500000000125
0.10550769185690796,851.6000000001251
0.17357530682394923,851.7000000001251
0.026254716792437627,851.8000000001251
0.0001380372716511813,851.9000000001251
0.29062473310071146,852.0000000001252
0.4907901934794755,852.1000000001252
-0.014821574561207237,852.2000000001252
0.6896649425454604,852.3000000001252
0.14518800686454886,852.4000000001253
-0.021445003669719923,852.5000000001253
0.6180126586576494,852.6000000001253
-0.2639200801540249,852.7000000001253
-0.13121223449280306,852.8000000001254
0.3401394941858757,852.9000000001254
0.13494797929527336,853.0000000001254
0.2558292340118057,853.1000000001254
-0.43813263083159215,853.2000000001254
0.25685075726492956,853.3000000001255
0.1159065940007542,853.4000000001255
-0.03319883615409033,853.5000000001255
0.4657810177558984,853.6000000001255
-0.37658562774569126,853.7000000001256
0.1423490271606327,853.8000000001256
0.1564222300910528,853.9000000001256
0.475915220238864,854.0000000001256
-0.13762870589786652,854.1000000001256
-0.23610655751652107,854.2000000001257
0.5591783847889544,854.3000000001257
-0.21510748182096265,854.4000000001257
0.4219137826501069,854.5000000001257
0.18493251115346393,854.6000000001258
-0.13396165115105385,854.7000000001258
0.041084429469521844,854.8000000001258
0.08209989008924827,854.9000000001258
0.12541550505727897,855.0000000001259
-0.02304514416669895,855.1000000001259
-0.07180125913581673,855.2000000001259
0.3144505094599522,855.3000000001259
-0.16630391698957417,855.4000000001259
0.4285411698186645,855.500000000126
-0.45638074088231184,855.600000000126
0.35954065876653096,855.700000000126
-0.0471330211725714,855.800000000126
0.4438252107408349,855.900000000126
-0.09438306250445094,856.0000000001261
0.6986619944047504,856.1000000001261
0.01638694839551369,856.2000000001261
-0.09656608271276984,856.3000000001261
0.16170362715837266,856.4000000001262
0.21492902172543743,856.5000000001262
-0.019553012306791476,856.6000000001262
0.5463784025580847,856.7000000001262
-0.03916088597174308,856.8000000001263
0.3291556425552436,856.9000000001263
-0.08563800733943863,857.0000000001263
0.33376966732450647,857.1000000001263
0.1693235048834024,857.2000000001264
-0.5394184913274644,857.3000000001264
0.39864805551636273,857.4000000001264
0.2976628167561078,857.5000000001264
-0.058461988036187906,857.6000000001264
-0.07847084851512695,857.7000000001265
0.10713033043128346,857.8000000001265
0.11675805871268546,857.9000000001265
0.4510674135949293,858.0000000001265
0.041248499337002954,858.1000000001266
0.008193863624239447,858.2000000001266
0.2868519541031505,858.3000000001266
0.08163279088018081,858.4000000001266
-0.09818394704691494,858.5000000001266
-0.45595433066062385,858.6000000001267
0.31990007914567103,858.7000000001267
-0.020490250478240588,858.8000000001267
0.28758435434905616,858.9000000001267
0.2655658963911592,859.0000000001268
0.1738212825240668,859.1000000001268
-0.020087984727521394,859.2000000001268
-0.5999303871572149,859.3000000001268
0.3605676776164215,859.4000000001269
0.4013753774148773,859.5000000001269
0.1814105142305853,859.6000000001269
-0.09662703218540863,859.7000000001269
-0.19939248506191729,859.8000000001269
-0.5650186090025164,859.900000000127
0.4178152422924952,860.000000000127
0.11566927439731564,860.100000000127
0.6076111549369553,860.200000000127
0.2574969489743647,860.300000000127
-0.07267647124272383,860.4000000001271
0.0383328141023054,860.5000000001271
-0.5438927435474915,860.6000000001271
-0.2651950156492011,860.7000000001271
-0.3187898784551584,860.8000000001272
0.4882061330451778,860.9000000001272
1.0433869646049256,861.0000000001272
0.04444347820798439,861.1000000001272
0.40108362094464356,861.2000000001273
0.2675681583601133,861.3000000001273
0.04411008876755647,861.4000000001273
0.24954055370705622,861.5000000001273
-0.33723096634593275,861.6000000001274
-0.0924836450152853,861.7000000001274
0.2135426744426604,861.8000000001274
-0.1846158483444824,861.9000000001274
-0.2606426176809027,862.0000000001274
-0.03061127082152551,862.1000000001275
-0.43927802053515996,862.2000000001275
0.4105943713488681,862.3000000001275
-0.051193907552010504,862.4000000001275
0.32851046197788747,862.5000000001276
0.08127938739055791,862.6000000001276
0.15746861070495677,862.7000000001276
0.5224717175294386,862.8000000001276
0.42771677249402307,862.9000000001276
-0.07455016702342943,863.0000000001277
0.5011284117489239,863.1000000001277
0.2680579955932404,863.2000000001277
-0.47271578936192427,863.3000000001277
-0.1975447032842769,863.4000000001278
-0.3463885533502731,863.5000000001278
0.22420170488957517,863.6000000001278
-0.10256098263296393,863.7000000001278
0.14190808762604812,863.8000000001279
0.3014471084960063,863.9000000001279
-0.4676574470778829,864.0000000001279
-0.11282714308955247,864.1000000001279
-0.7214381332757488,864.200000000128
0.19206630546112863,864.300000000128
0.08633860007357261,864.400000000128
0.8386041707037396,864.500000000128
0.4116980019449601,864.600000000128
-0.11284929769217461,864.7000000001281
-0.22188906392383337,864.8000000001281
0.11571420450011757,864.9000000001281
0.1812845396232715,865.0000000001281
0.46135368318181447,865.1000000001281
0.16281260965821648,865.2000000001282
0.13309248945388444,865.3000000001282
-0.1648901552840921,865.4000000001282
-0.13474673085447664,865.5000000001282
-0.1004539003027404,865.6000000001283
0.47514992959449975,865.7000000001283
0.008055679973769644,865.8000000001283
0.5753110982415022,865.9000000001283
0.2499962173720095,866.0000000001284
-0.4351941297960761,866.1000000001284
0.346881506871026,866.2000000001284
0.12663267144129203,866.3000000001284
0.2184171146642958,866.4000000001284
-0.19087601393967032,866.5000000001285
0.007536882374399201,866.6000000001285
0.40149561509549925,866.7000000001285
-0.09869181059716423,866.8000000001285
0.11000351583732243,866.9000000001286
-0.20174244907822123,867.0000000001286
0.21663957577139847,867.1000000001286
0.1310341366504126,867.2000000001286
-0.2564984520181254,867.3000000001286
0.09270150206069593,867.4000000001287
0.1528480068528984,867.5000000001287
0.1394850733327062,867.6000000001287
-0.05612673905419885,867.7000000001287
-0.29322875127061154,867.8000000001288
-0.6431357526839974,867.9000000001288
-0.6298182373138455,868.0000000001288
-0.12941725134212767,868.1000000001288
0.29733520729539326,868.2000000001289
-0.37164750548356795,868.3000000001289
-0.1656227747431334,868.4000000001289
-0.04554416584603019,868.5000000001289
0.21875467527562964,868.600000000129
1.0699580602926564,868.700000000129
-0.3757431735530087,868.800000000129
0.2910906707925267,868.900000000129
0.6007742543198135,869.000000000129
0.29002662457556727,869.1000000001291
0.11210655497200449,869.2000000001291
0.3710839049034933,869.3000000001291
0.05412057032264086,869.4000000001291
-0.1351956896195209,869.5000000001291
0.18980304840513879,869.6000000001292
-0.24953305120513,869.7000000001292
0.1285274544545201,869.8000000001292
0.4342782794200868,869.9000000001292
-0.09045180987958665,870.0000000001293
-0.0022791327468000694,870.1000000001293
-0.01479176124906266,870.2000000001293
-0.12722826030693507,870.3000000001293
0.09562733684651506,870.4000000001294
-0.03404142408258129,870.5000000001294
0.42723169896378244,870.6000000001294
-0.22763710899776526,870.7000000001294
0.107426449825035,870.8000000001294
0.27951741459803314,870.9000000001295
0.1401603240278837,871.0000000001295
0.08660838585914968,871.1000000001295
-0.4791451514829612,871.2000000001295
-0.14751722911961385,871.3000000001296
-0.5034284545322202,871.4000000001296
-0.5967239952928775,871.5000000001296
0.051144936265266706,871.6000000001296
-0.39334027505165814,871.7000000001296
0.18823321760552766,871.8000000001297
-0.035939616739339264,871.9000000001297
0.43631463194369857,872.0000000001297
-0.08848898501708552,872.1000000001297
0.05250926615392086,872.2000000001298
-0.1003047144779706,872.3000000001298
-0.011764292439420301,872.4000000001298
0.15611864298568706,872.5000000001298
-0.026031938297968654,872.6000000001299
-0.21349165540334472,872.7000000001299
-0.08597037221237386,872.8000000001299
0.09043772315951097,872.9000000001299
0.17986293603295606,873.00000000013
-0.3598097019065184,873.10000000013
-0.18149021525340556,873.20000000013
0.3253167049268463,873.30000000013
0.21083369209777025,873.40000000013
0.08446728967062699,873.5000000001301
-0.8702289173808794,873.6000000001301
0.13537717057220514,873.7000000001301
-0.2582129543218352,873.8000000001301
-0.07908109427166685,873.9000000001301
0.24914130509917073,874.0000000001302
0.32162282389396823,874.1000000001302
0.11143418521817629,874.2000000001302
-0.03456615260263993,874.3000000001302
-0.12049309333811817,874.4000000001303
-0.15570480452540877,874.5000000001303
0.3174591563129573,874.6000000001303
-0.4412577805376705,874.7000000001303
-0.06391951281579472,874.8000000001304
0.028571181143877383,874.9000000001304
0.013612196341165839,875.0000000001304
0.13396742274017842,875.1000000001304
0.15816525550947041,875.2000000001304
0.023639577734381995,875.3000000001305
-0.055311690216312076,875.4000000001305
0.35636053343937457,875.5000000001305
0.12870349451463725,875.6000000001305
0.17751943537024728,875.7000000001306
0.2427815966594071,875.8000000001306
-0.48947213088569186,875.9000000001306
-0.25114517204835207,876.0000000001306
0.1867913624466425,876.1000000001306
0.15555691185446124,876.2000000001307
0.5109259758038821,876.3000000001307
-0.5650638443571218,876.4000000001307
0.14099774348876834,876.5000000001307
0.6599596965801472,876.6000000001308
0.15997465146925183,876.7000000001308
0.06084645833017154,876.8000000001308
-0.2359633059469828,876.9000000001308
-0.5058621512083799,877.0000000001309
0.2998356616613514,877.1000000001309
0.13239808783707227,877.2000000001309
-0.6643490831035088,877.3000000001309
1.079858743460727,877.400000000131
0.7860785568376804,877.500000000131
-0.21748654535890358,877.600000000131
0.017598832191784708,877.700000000131
0.6051838805959651,877.800000000131
-0.25082874366539354,877.9000000001311
0.19608800127009965,878.0000000001311
-0.08073707851159881,878.1000000001311
-0.1439765590424653,878.2000000001311
0.6022921012895265,878.3000000001311
-0.20979696933546418,878.4000000001312
-0.11717710708446472,878.5000000001312
-0.5187575925297278,878.6000000001312
0.6150612136801528,878.7000000001312
0.664416988890055,878.8000000001313
-0.19239604284620335,878.9000000001313
-0.2075844074424488,879.0000000001313
0.020914667073259022,879.1000000001313
-0.10057746405781345,879.2000000001314
0.4204445854765223,879.3000000001314
-0.2653209821653615,879.4000000001314
-0.007145255897475486,879.5000000001314
0.5928437347354173,879.6000000001314
-0.03903829000342601,879.7000000001315
-0.011901560254236998,879.8000000001315
-0.1543595798425064,879.9000000001315
-0.7470521723059845,880.0000000001315
0.34977526755279487,880.1000000001316
-0.15213071225640687,880.2000000001316
-0.05750088968751574,880.3000000001316
1.110996485193075,880.4000000001316
0.2793610617318454,880.5000000001316
0.038546460576598884,880.6000000001317
0.023535844511329007,880.7000000001317
0.19853668211063497,880.8000000001317
0.19162733581214686,880.9000000001317
0.21110078334734808,881.0000000001318
0.23870632999419808,881.1000000001318
0.08416999893058415,881.2000000001318
-0.04130031836101025,881.3000000001318
0.7422953616289276,881.4000000001319
0.013814037244909677,881.5000000001319
0.6672231204675834,881.6000000001319
-0.3401367202811414,881.7000000001319
-0.029617769571522762,881.800000000132
0.052916884512411916,881.900000000132
-0.024655880873570124,882.000000000132
0.3077973287064991,882.100000000132
0.1715337923709987,882.200000000132
-0.6219453443646562,882.3000000001321
-0.08427445393265426,882.4000000001321
0.16793532771131164,882.5000000001321
0.2854055848519196,882.6000000001321
0.6996135489723192,882.7000000001321
-0.601390451471448,882.8000000001322
0.23406735601742443,882.9000000001322
-0.05847458583294057,883.0000000001322
0.4317992340656027,883.1000000001322
0.039734049847940024,883.2000000001323
-0.29089376161319447,883.3000000001323
-0.49580517942382685,883.4000000001323
0.03817675865967465,883.5000000001323
-0.17923940961719018,883.6000000001324
0.1278109391306613,883.7000000001324
0.29273689724360547,883.8000000001324
0.6344219990695734,883.9000000001324
-0.4451258768124646,884.0000000001324
-0.024592311470012118,884.1000000001325
-0.006212829737851686,884.2000000001325
-0.29389863797889193,884.3000000001325
0.15377240521876046,884.4000000001325
-0.5069542296551568,884.5000000001326
-0.02571605615342873,884.6000000001326
-0.2567594166203222,884.7000000001326
-0.23254093940040613,884.8000000001326
0.17945411609019427,884.9000000001326
0.27501025837663534,885.0000000001327
-0.4275533628842927,885.1000000001327
0.211445426232806,885.2000000001327
-0.12376837435179708,885.3000000001327
0.3246165609174444,885.4000000001328
0.8996593170460184,885.5000000001328
-0.3238769155044392,885.6000000001328
-0.32190104016576504,885.7000000001328
0.17396389406795004,885.8000000001329
0.14099311661830313,885.9000000001329
0.14228746172165627,886.0000000001329
-0.12728015055125,886.1000000001329
0.5493956607198698,886.200000000133
-0.2937938059661418,886.300000000133
0.7496560587429222,886.400000000133
0.4038487816027325,886.500000000133
-0.192482377281005,886.600000000133
0.43399952317770063,886.7000000001331
0.02278416472388045,886.8000000001331
0.31314436024017467,886.9000000001331
-0.1405366912693101,887.0000000001331
0.05387941482735868,887.1000000001332
0.3461524423839387,887.2000000001332
-0.3187300189226626,887.3000000001332
0.18820207170038816,887.4000000001332
0.19277130728965958,887.5000000001332
-0.18020220629811742,887.6000000001333
-0.3875870876931232,887.7000000001333
0.5233735101530698,887.8000000001333
-0.006384025088795847,887.9000000001333
0.12105630013122347,888.0000000001334
0.2387158167378966,888.1000000001334
0.040481755927353355,888.2000000001334
0.2933873522213679,888.3000000001334
-0.1266310856146658,888.4000000001334
0.39316970414465235,888.5000000001335
-0.3239530265358632,888.6000000001335
-0.17348126803747368,888.7000000001335
0.29247959686283287,888.8000000001335
0.15151604637620097,888.9000000001336
0.20437267842584245,889.0000000001336
0.01129730090223649,889.1000000001336
0.18034950453471021,889.2000000001336
0.6711217001922521,889.3000000001337
-0.028919682524511298,889.4000000001337
-0.15089573673519804,889.5000000001337
-0.10675666304567963,889.6000000001337
0.07453466207037407,889.7000000001337
0.24881947762095963,889.8000000001338
-0.4841477282425817,889.9000000001338
0.07935645651504347,890.0000000001338
-0.20863421414860248,890.1000000001338
0.2513828714769984,890.2000000001339
0.232090084543647,890.3000000001339
0.47204000005627433,890.4000000001339
0.06225544583573078,890.5000000001339
0.31459147193403786,890.600000000134
0.30658953380270626,890.700000000134
0.5467218130253084,890.800000000134
0.34388749859525225,890.900000000134
0.43078712538593467,891.000000000134
-0.13575744938586637,891.1000000001341
-0.3090899897192836,891.2000000001341
0.08919895873796113,891.3000000001341
-0.08113056840727867,891.4000000001341
0.11066651570103261,891.5000000001342
0.09227628138248888,891.6000000001342
0.240384731128049,891.7000000001342
0.24353162891673613,891.8000000001342
0.14825543741226732,891.9000000001342
0.22906085002317922,892.0000000001343
-0.1757620902703491,892.1000000001343
-0.20641891289307948,892.2000000001343
0.48774783855214054,892.3000000001343
-0.16244468527789832,892.4000000001344
0.165281443466751,892.5000000001344
-0.0047125245170879515,892.6000000001344
0.1776860720436655,892.7000000001344
0.2936598754735604,892.8000000001344
-0.16064672125530013,892.9000000001345
0.44065275928782544,893.0000000001345
0.3361095390389235,893.1000000001345
-0.05181535280403915,893.2000000001345
0.030210305443213112,893.3000000001346
0.5107530124833777,893.4000000001346
0.11843389959880742,893.5000000001346
-0.005500992741429164,893.6000000001346
0.14291217785175273,893.7000000001347
-0.0945236703157423,893.8000000001347
-0.0430226594150708,893.9000000001347
0.26736651444433174,894.0000000001347
-0.009404549608182669,894.1000000001347
0.10918872912068413,894.2000000001348
0.31074583825097296,894.3000000001348
-0.3244481250420258,894.4000000001348
0.37405830017559083,894.5000000001348
0.04105594887192145,894.6000000001349
-0.14930320834171085,894.7000000001349
0.3387258453904659,894.8000000001349
0.4897284319645173,894.9000000001349
-0.11567910941964338,895.000000000135
0.2001896280770174,895.100000000135
0.052520869708642066,895.200000000135
0.02772073367969949,895.300000000135
-0.35255801946657284,895.400000000135
-0.11091950290771058,895.5000000001351
-0.023352207341780187,895.6000000001351
0.2926480215249487,895.7000000001351
0.2834646242171611,895.8000000001351
-0.2247458949455239,895.9000000001352
0.8492129426138078,896.0000000001352
-0.2198106875005336,896.1000000001352
0.3662082943521401,896.2000000001352
0.28635464699068236,896.3000000001352
-0.08405930744556961,896.4000000001353
0.01186370529557515,896.5000000001353
-0.4257253871620721,896.6000000001353
0.19339826697378715,896.7000000001353
-0.09032973574256142,896.8000000001354
0.09752484319879073,896.9000000001354
-0.13518896237493674,897.0000000001354
0.32761156801720176,897.1000000001354
-0.23205929246511828,897.2000000001354
0.1215741829521878,897.3000000001355
-0.07261009370828442,897.4000000001355
0.416643975519132,897.5000000001355
0.06439324033959629,897.6000000001355
0.35339409636831565,897.7000000001356
0.05612309160336628,897.8000000001356
0.6035781378120043,897.9000000001356
0.6718272307094885,898.0000000001356
-0.19259728234850673,898.1000000001357
-0.047674626943324305,898.2000000001357
0.33992485859123867,898.3000000001357
-0.1856601672541163,898.4000000001357
0.2014134647485829,898.5000000001357
0.5160861908211472,898.6000000001358
-0.4845441910450963,898.7000000001358
-0.33257882567640307,898.8000000001358
0.9508549605366667,898.9000000001358
0.1124282748002705,899.0000000001359
0.18351115710078922,899.1000000001359
0.5140702430051656,899.2000000001359
0.3631255656445932,899.3000000001359
0.0212001961041004,899.400000000136
0.007977544541972234,899.500000000136
-0.5559017805066611,899.600000000136
0.7787591193582455,899.700000000136
-0.07747785936470725,899.800000000136
-0.19447716062670126,899.9000000001361
0.9799188224072697,900.0000000001361
-0.20600385875659752,900.1000000001361
0.4190869303774698,900.2000000001361
0.578977369233421,900.3000000001362
0.39683927030893773,900.4000000001362
0.3956983128204016,900.5000000001362
0.6321310400162313,900.6000000001362
0.150310259057149,900.7000000001362
-0.15599462854054444,900.8000000001363
0.2238480160396804,900.9000000001363
0.3600833708883092,901.0000000001363
-0.15420508382480927,901.1000000001363
0.36099401472946224,901.2000000001364
0.0029736557239007366,901.3000000001364
0.19924115162208839,901.4000000001364
-0.13764103799842137,901.5000000001364
-0.15825365577178238,901.6000000001364
0.14560189625739908,901.7000000001365
0.2287005621982026,901.8000000001365
0.09518660998310804,901.9000000001365
-0.5628685420355788,902.0000000001365
-0.06849394865226568,902.1000000001366
0.015189809178191835,902.2000000001366
0.0049307756257524205,902.3000000001366
0.4311294210168197,902.4000000001366
0.6319055929680156,902.5000000001367
-0.18778071117776104,902.6000000001367
-0.01976416263782392,902.7000000001367
0.5474966036268767,902.8000000001367
0.15962043513040783,902.9000000001367
-0.8013095444725704,903.0000000001368
0.6215658031699168,903.1000000001368
0.06870326258256143,903.2000000001368
0.35938809755179946,903.3000000001368
0.1263384817239056,903.4000000001369
0.2848411080061076,903.5000000001369
0.15305698503122728,903.6000000001369
0.31170496900477773,903.7000000001369
-0.15278070308252037,903.800000000137
-0.035683319244880024,903.900000000137
-0.02420286726880244,904.000000000137
0.28145354610451,904.100000000137
0.1423742816202166,904.200000000137
0.07960964902671319,904.3000000001371
-0.22497156675545157,904.4000000001371
-0.24638153933229387,904.5000000001371
0.21617367989996095,904.6000000001371
0.49063909586122556,904.7000000001372
1.025522534466483,904.8000000001372
-0.3427011822319942,904.9000000001372
0.1688762345401526,905.0000000001372
0.16749548838293388,905.1000000001372
0.31562313469050923,905.2000000001373
-0.43445041171415744,905.3000000001373
0.11734151447141494,905.4000000001373
-0.03725495252344635,905.5000000001373
0.1537745727981511,905.6000000001374
-0.5672328206105122,905.7000000001374
-0.46724749060164483,905.8000000001374
-0.018917712640199355,905.9000000001374
0.05369656369835937,906.0000000001374
-0.013632509477776361,906.1000000001375
-0.24238329194465744,906.2000000001375
-0.2362966274559474,906.3000000001375
0.23047007667139116,906.4000000001375
0.19536031441169588,906.5000000001376
0.1292823211565873,906.6000000001376
0.9346947872320228,906.7000000001376
0.09265097808106973,906.8000000001376
-0.07845826446248685,906.9000000001377
0.11601445797634957,907.0000000001377
0.04881271345510743,907.1000000001377
0.008275530842861326,907.2000000001377
-0.07639389355577356,907.3000000001377
-0.1507796747626207,907.4000000001378
0.07989024083050893,907.5000000001378
-0.2820243911929535,907.6000000001378
0.503853365296537,907.7000000001378
-0.3925282076314569,907.8000000001379
-0.16481299967889676,907.9000000001379
0.2778372701601791,908.0000000001379
-0.4553199083189614,908.1000000001379
-0.009047523596881463,908.200000000138
0.0041732034117492045,908.300000000138
0.7948788280811327,908.400000000138
-0.5937052744756596,908.500000000138
-0.3552392994795236,908.600000000138
0.3044054305271849,908.7000000001381
0.8364369763724581,908.8000000001381
0.36616894574794556,908.9000000001381
-0.03815011917556671,909.0000000001381
0.1409114415388864,909.1000000001382
0.1259929478745146,909.2000000001382
0.3594655525231629,909.3000000001382
-0.2753236358438391,909.4000000001382
0.23653792211951088,909.5000000001382
0.3353452421529774,909.6000000001383
0.3199352331676644,909.7000000001383
-0.30751793613876144,909.8000000001383
0.06516187089363662,909.9000000001383
0.22201994006362422,910.0000000001384
-0.06143090832965664,910.1000000001384
0.3657149878507948,910.2000000001384
-0.25908348838203066,910.3000000001384
-0.4449781441089967,910.4000000001384
-0.07269740780444922,910.5000000001385
-0.3618551284745546,910.6000000001385
0.5504272103426734,910.7000000001385
-0.3041516787246711,910.8000000001385
0.08261132399322665,910.9000000001386
0.18392783113619562,911.0000000001386
0.016829072329526393,911.1000000001386
0.20175173838539123,911.2000000001386
-0.17995162499288195,911.3000000001387
-0.4380166122621447,911.4000000001387
-0.0872109339311708,911.5000000001387
0.3555932176089558,911.6000000001387
-0.3487023829990705,911.7000000001387
0.17327615037452604,911.8000000001388
0.03280689248615762,911.9000000001388
0.3396582998245839,912.0000000001388
0.014652889907588895,912.1000000001388
0.0628936535272217,912.2000000001389
-0.1184112547472296,912.3000000001389
0.023048470622620526,912.4000000001389
0.08120514825772618,912.5000000001389
-0.05204170959452259,912.600000000139
0.007124603445579941,912.700000000139
0.4160594279526829,912.800000000139
-0.2159339904467595,912.900000000139
0.11424031004847386,913.000000000139
-0.34655479538073797,913.1000000001391
0.012779272621437618,913.2000000001391
0.20923207926869847,913.3000000001391
-0.1888759566639602,913.4000000001391
0.5434147344109915,913.5000000001392
0.14623599056432796,913.6000000001392
-0.11296805010423022,913.7000000001392
-0.08911606151349757,913.8000000001392
-0.2238560759000122,913.9000000001392
0.34113005171737976,914.0000000001393
0.2550808121981084,914.1000000001393
0.4184145351579984,914.2000000001393
0.1712817575268697,914.3000000001393
0.2831000973348261,914.4000000001394
0.3535275157385328,914.5000000001394
-0.5161036979054049,914.6000000001394
-0.11873207510552294,914.7000000001394
0.36568924170370587,914.8000000001394
0.004477959175959764,914.9000000001395
-0.1767442316791187,915.0000000001395
-0.013306316578409874,915.1000000001395
0.35724657183429265,915.2000000001395
-0.07130058094257971,915.3000000001396
0.6440585101093407,915.4000000001396
0.47218208173635534,915.5000000001396
-0.07762145474256221,915.6000000001396
-0.36444729773264994,915.7000000001397
-0.29203183257898735,915.8000000001397
-0.05026786301121597,915.9000000001397
0.36775591213697056,916.0000000001397
0.16207125566736275,916.1000000001397
-0.20542857945578788,916.2000000001398
-0.16239277260780108,916.3000000001398
0.27267477076521374,916.4000000001398
-0.8158572458912579,916.5000000001398
0.15998171511973264,916.6000000001399
0.36004542934472716,916.7000000001399
0.21363849661952666,916.8000000001399
-0.3017708002304368,916.9000000001399
0.8522742977407942,917.00000000014
0.7698543856281895,917.10000000014
-0.060779862622282466,917.20000000014
0.211694103929733,917.30000000014
0.06756185810217848,917.40000000014
-0.1514951486367264,917.5000000001401
0.17716419506660352,917.6000000001401
0.02608202795797078,917.7000000001401
0.3509714646892078,917.8000000001401
-0.10549464211373208,917.9000000001402
0.5796795834696747,918.0000000001402
0.09530195754100863,918.1000000001402
-0.08565815776370053,918.2000000001402
-0.5667292704562785,918.3000000001402
0.4273729151565593,918.4000000001403
0.3227973558192453,918.5000000001403
-0.16306738418904607,918.6000000001403
0.25427214563340045,918.7000000001403
0.26856724538418714,918.8000000001404
0.24036161097285386,918.9000000001404
-0.049036269384398035,919.0000000001404
0.5120175859114465,919.1000000001404
0.16885811724645106,919.2000000001404
-0.11839481522678102,919.3000000001405
0.09796129103555558,919.4000000001405
0.27463391224417716,919.5000000001405
-0.016057213988669147,919.6000000001405
0.5855885230812882,919.7000000001406
-0.1494818344887275,919.8000000001406
0.39802438475395285,919.9000000001406
-0.1382299750560681,920.0000000001406
0.0841806512956251,920.1000000001407
-0.03938206373994288,920.2000000001407
0.24361074256828916,920.3000000001407
0.04956069482861107,920.4000000001407
0.42384109004480297,920.5000000001407
-0.0038247515590607573,920.6000000001408
0.1571539782685834,920.7000000001408
-0.019258357083034153,920.8000000001408
0.47032372328406535,920.9000000001408
0.271959683856607,921.0000000001409
0.17446913469589903,921.1000000001409
-0.29547027606683895,921.2000000001409
0.23704292047031061,921.3000000001409
0.01262137665954921,921.400000000141
0.05297252121703231,921.500000000141
0.2800982835728377,921.600000000141
-0.1670284769221008,921.700000000141
-0.03438867559442735,921.800000000141
-0.01877585739702295,921.9000000001411
-0.07047598554453904,922.0000000001411
-0.9669307823947045,922.1000000001411
-0.07033286220149867,922.2000000001411
-0.10526082305218723,922.3000000001412
-0.03035032170830107,922.4000000001412
0.5325975964366644,922.5000000001412
0.3932987970354195,922.6000000001412
-0.0350802906382513,922.7000000001412
-0.2429363277229444,922.8000000001413
0.37385311687152634,922.9000000001413
0.1482761342982849,923.0000000001413
0.2020226401703335,923.1000000001413
0.09313392663305034,923.2000000001414
-0.5713379560746645,923.3000000001414
0.2795343158947262,923.4000000001414
0.5874607266451405,923.5000000001414
-0.15690835676330253,923.6000000001414
-0.36377623567157225,923.7000000001415
0.6619658074426064,923.8000000001415
0.16324761323175035,923.9000000001415
0.6645656320799381,924.0000000001415
-0.22251086725456196,924.1000000001416
0.4227763314837284,924.2000000001416
0.26421761082109296,924.3000000001416
0.004316510805405835,924.4000000001416
0.13941268283620903,924.5000000001417
-0.32921034752664013,924.6000000001417
0.5480682708668934,924.7000000001417
0.08887353901450382,924.8000000001417
0.18999465425644266,924.9000000001417
-0.3904590130287109,925.0000000001418
-0.3664074723452684,925.1000000001418
0.07230795233734588,925.2000000001418
0.06358998285057682,925.3000000001418
-0.24945633253788654,925.4000000001419
-0.028375321391890612,925.5000000001419
0.058307775163702495,925.6000000001419
-0.306691234634335,925.7000000001419
0.48439752466799857,925.800000000142
-0.14646168681566502,925.900000000142
-0.3064054231677834,926.000000000142
0.19798704639138986,926.100000000142
-0.0687579677524417,926.200000000142
0.5026901166011251,926.3000000001421
-0.0690633933568583,926.4000000001421
-0.08878220152372987,926.5000000001421
-0.2782904896965501,926.6000000001421
0.32793213989198666,926.7000000001422
0.6918599065833053,926.8000000001422
-0.1012377412311983,926.9000000001422
-0.3155926982146624,927.0000000001422
-0.12909272875641928,927.1000000001422
0.1385059490886948,927.2000000001423
-0.6655099602550208,927.3000000001423
-0.09261240924655831,927.4000000001423
0.17024637518053753,927.5000000001423
0.1083240804383386,927.6000000001424
0.35394079908223075,927.7000000001424
0.06975337260326463,927.8000000001424
-0.06442443386508587,927.9000000001424
-0.48446042337765094,928.0000000001424
0.04997458357522002,928.1000000001425
0.8151515969463452,928.2000000001425
0.23345881034164856,928.3000000001425
-0.03380112020973289,928.4000000001425
0.2628209718763857,928.5000000001426
-0.050986374163600356,928.6000000001426
-0.04526786616775602,928.7000000001426
-0.1907590408517104,928.8000000001426
0.25817005543654414,928.9000000001427
0.9076393445512709,929.0000000001427
0.21111323046107255,929.1000000001427
0.19842610860807336,929.2000000001427
0.5122105673459094,929.3000000001427
0.05615486939266945,929.4000000001428
-0.23914827497895355,929.5000000001428
0.17964882307975205,929.6000000001428
0.27511245772546644,929.7000000001428
0.09457310038030853,929.8000000001429
-0.13254205533677968,929.9000000001429
0.46745048443306236,930.0000000001429
-0.09089794649305719,930.1000000001429
-0.2185126369042247,930.200000000143
-0.11041539503918713,930.300000000143
0.5476224823603886,930.400000000143
-0.2463001968087634,930.500000000143
0.2252724088564132,930.600000000143
0.049858429598466286,930.7000000001431
-0.1853372332431474,930.8000000001431
-0.053319546526501005,930.9000000001431
-0.18612159419138272,931.0000000001431
-0.4651906971828751,931.1000000001432
0.5063708478657392,931.2000000001432
-0.09932759164452759,931.3000000001432
-0.16137530027869304,931.4000000001432
0.07402930830118545,931.5000000001432
0.38756056738025624,931.6000000001433
0.31716458543303777,931.7000000001433
0.2090143382306643,931.8000000001433
0.5036031093210367,931.9000000001433
-0.07536343110562999,932.0000000001434
0.2166838473923263,932.1000000001434
0.5712817576241855,932.2000000001434
-0.027773980434100093,932.3000000001434
-0.36933763475575776,932.4000000001435
-0.043663969691483506,932.5000000001435
0.10840420052301124,932.6000000001435
0.22194839927563514,932.7000000001435
0.6326949854004494,932.8000000001435
0.06442717945586934,932.9000000001436
-0.10401826931366526,933.0000000001436
-0.154414506923068,933.1000000001436
-0.04963300593187167,933.2000000001436
-0.3681496153413153,933.3000000001437
0.16507621915747717,933.4000000001437
0.3297879356093819,933.5000000001437
-0.43995323741165016,933.6000000001437
0.2286188490522255,933.7000000001437
0.12663398309798682,933.8000000001438
0.1631902775495759,933.9000000001438
0.17432863736844317,934.0000000001438
0.04076823528789665,934.1000000001438
-0.15280157678579917,934.2000000001439
0.13768322883479692,934.3000000001439
0.30224065964977165,934.4000000001439
-0.2868742461736532,934.5000000001439
-0.17773589840204648,934.600000000144
0.7071809106234314,934.700000000144
-0.2189277922322541,934.800000000144
-0.07908982864679934,934.900000000144
0.41395277463339153,935.000000000144
0.7181688937383645,935.1000000001441
-0.2203480246855429,935.2000000001441
0.06259807886340203,935.3000000001441
0.8136435082962341,935.4000000001441
-0.28207395542833524,935.5000000001442
0.2445259598760022,935.6000000001442
0.5101439463980668,935.7000000001442
-0.4132855418114968,935.8000000001442
-0.1279841789298687,935.9000000001442
0.19259262483697256,936.0000000001443
0.4136434362106509,936.1000000001443
0.368887964439195,936.2000000001443
0.6946728817807605,936.3000000001443
0.4398496865905832,936.4000000001444
0.27008522317159567,936.5000000001444
0.15335182303333367,936.6000000001444
-0.12270060243682313,936.7000000001444
0.06811451436646171,936.8000000001445
-0.08242473486433441,936.9000000001445
0.6515761946063452,937.0000000001445
-0.09589924835479641,937.1000000001445
0.07166561320201116,937.2000000001445
-0.2107853677606424,937.3000000001446
0.42451866037049213,937.4000000001446
0.4885453624510492,937.5000000001446
-0.4296670520071695,937.6000000001446
0.5636201217447504,937.7000000001447
-0.08093745725262469,937.8000000001447
0.414357897661184,937.9000000001447
0.686958126016811,938.0000000001447
-0.08894998568946472,938.1000000001447
0.34459563535754006,938.2000000001448
0.027020080502532864,938.3000000001448
0.12672987593946825,938.4000000001448
-0.02550663834004399,938.5000000001448
0.3381829556865231,938.6000000001449
-0.13135052780676268,938.7000000001449
0.08571194565552459,938.8000000001449
0.08490819514732602,938.9000000001449
-0.1446703275579696,939.000000000145
0.2994952763252525,939.100000000145
0.3143684480854674,939.200000000145
0.19078634829708585,939.300000000145
0.5358870732269831,939.400000000145
0.03902777942925184,939.5000000001451
0.321571696853979,939.6000000001451
-0.2780671299898647,939.7000000001451
0.0010103877380824022,939.8000000001451
0.1658644836498584,939.9000000001452
0.05085920505137576,940.0000000001452
0.18551435291515633,940.1000000001452
-0.04398900170348055,940.2000000001452
-0.2738069996197109,940.3000000001452
0.01848404177330855,940.4000000001453
-0.11997308937503864,940.5000000001453
0.1818112947973713,940.6000000001453
-0.3730121040657981,940.7000000001453
0.09648404779844326,940.8000000001454
-0.017046705035341864,940.9000000001454
0.5568032917664699,941.0000000001454
-0.34292604350690326,941.1000000001454
-0.3228686243987723,941.2000000001455
0.22447289168104298,941.3000000001455
0.4227420398916454,941.4000000001455
0.40187956481820275,941.5000000001455
-0.4180839139582887,941.6000000001455
-0.6048293431520632,941.7000000001456
-0.25702002246105937,941.8000000001456
0.3772794151531057,941.9000000001456
0.072139105814856,942.0000000001456
-0.03489340109036723,942.1000000001457
0.2577633674053978,942.2000000001457
-0.13473654406623653,942.3000000001457
0.3140505674886834,942.4000000001457
0.24894310906932815,942.5000000001457
-0.04104498492079317,942.6000000001458
-0.002610542842824401,942.7000000001458
-0.7149750526869652,942.8000000001458
-0.1641730621884672,942.9000000001458
0.27251044298274985,943.0000000001459
-0.19903896832936654,943.1000000001459
0.35888037284961327,943.2000000001459
0.6437634672006863,943.3000000001459
-0.2244348557707672,943.400000000146
-0.20131895754398424,943.500000000146
0.2597224172844472,943.600000000146
-0.006275422167001304,943.700000000146
0.089469518147638,943.800000000146
0.03798338554341428,943.9000000001461
-0.27353599145082286,944.0000000001461
0.11593740428402266,944.1000000001461
0.5570318347556119,944.2000000001461
0.4298793288477233,944.3000000001462
-0.2382051895661483,944.4000000001462
0.15239033864812726,944.5000000001462
0.15896549007321045,944.6000000001462
0.19320295594565137,944.7000000001462
0.44667741221292734,944.8000000001463
0.29384663007293593,944.9000000001463
-0.1565300564582731,945.0000000001463
-0.23092451255484084,945.1000000001463
-0.16678926181950574,945.2000000001464
-0.05413033617257537,945.3000000001464
0.05648508604799479,945.4000000001464
0.27616011353082304,945.5000000001464
0.05048423668157441,945.6000000001465
0.26122284509524485,945.7000000001465
0.2622861731838396,945.8000000001465
0.1494121753067013,945.9000000001465
-0.13733344636445757,946.0000000001465
0.4079372314199815,946.1000000001466
0.9139023372497154,946.2000000001466
0.4738559923676229,946.3000000001466
-0.24377898928943123,946.4000000001466
-0.15833537779138776,946.5000000001467
0.3200770005251076,946.6000000001467
0.110334102951855,946.7000000001467
-0.41729555465233326,946.8000000001467
-0.6484393670908468,946.9000000001467
-0.0732519563430277,947.0000000001468
-0.28947985987740266,947.1000000001468
-0.15298443780084195,947.2000000001468
-0.20289141672658376,947.3000000001468
-0.13024890762348867,947.4000000001469
0.8014711575596485,947.5000000001469
0.28205466074530283,947.6000000001469
-0.20004169400861985,947.7000000001469
-0.15177857480647347,947.800000000147
0.8481414851039158,947.900000000147
-0.023254528428277854,948.000000000147
0.08842391261968993,948.100000000147
-0.25829028137425714,948.200000000147
-0.29140982838406226,948.3000000001471
-0.43662215813795313,948.4000000001471
0.3088279253829047,948.5000000001471
-0.24799558385330359,948.6000000001471
-0.15097388476310317,948.7000000001472
0.3883167572517975,948.8000000001472
0.6272726251695622,948.9000000001472
0.2527960155383774,949.0000000001472
0.32629036584773075,949.1000000001472
-0.07895901359902696,949.2000000001473
0.19674595121993776,949.3000000001473
0.2107581195139183,949.4000000001473
0.38738704940856783,949.5000000001473
0.16990154877650274,949.6000000001474
-0.01818799893340209,949.7000000001474
0.7329880455395492,949.8000000001474
0.17317041644911224,949.9000000001474
0.19240089655714093,950.0000000001475
0.4491422935558377,950.1000000001475
0.06697148191749351,950.2000000001475
0.1914994354446156,950.3000000001475
0.19962122926094514,950.4000000001475
-0.14656157536371175,950.5000000001476
-0.2966224462194136,950.6000000001476
0.11482986687475605,950.7000000001476
-0.3073655135426253,950.8000000001476
-0.14668941097905122,950.9000000001477
-0.051114514757333085,951.0000000001477
-0.3402072159582231,951.1000000001477
0.760962295617707,951.2000000001477
0.2360615667248666,951.3000000001477
-0.04563299613870325,951.4000000001478
0.17468612072800174,951.5000000001478
-0.30972493401379353,951.6000000001478
-0.25524161596473827,951.7000000001478
-0.44878136776317956,951.8000000001479
0.1477060227018731,951.9000000001479
-0.6691415387602556,952.0000000001479
0.7512925286965214,952.1000000001479
0.2974731694370296,952.200000000148
0.6242145955834268,952.300000000148
0.305756711060165,952.400000000148
0.029859561289499084,952.500000000148
-0.2544247982747764,952.600000000148
-0.14867287157600975,952.7000000001481
-0.49564995341189455,952.8000000001481
-0.819139853760876,952.9000000001481
-0.06102295643289979,953.0000000001481
-0.16447106786930796,953.1000000001482
0.5417792416522796,953.2000000001482
-0.11949489057880952,953.3000000001482
0.0655774547253552,953.4000000001482
0.4202197870931549,953.5000000001482
0.25947369119403696,953.6000000001483
0.4337774663205851,953.7000000001483
0.08854403688526748,953.8000000001483
0.042354810804289135,953.9000000001483
0.26815055323977044,954.0000000001484
0.05486323804072969,954.1000000001484
-0.08728724157684561,954.2000000001484
0.01699000406826706,954.3000000001484
0.8161406383186047,954.4000000001485
0.02011935801378542,954.5000000001485
0.43664239906251723,954.6000000001485
0.37091269128525906,954.7000000001485
0.03610945227689412,954.8000000001485
-0.20426299066846929,954.9000000001486
0.03434335829824403,955.0000000001486
0.05849484736308379,955.1000000001486
0.4530183573638459,955.2000000001486
0.27635574872389845,955.3000000001487
0.036313593059941474,955.4000000001487
0.24610246439097866,955.5000000001487
0.03850720630115914,955.6000000001487
0.0030129830622953047,955.7000000001487
-0.10680767575661326,955.8000000001488
0.2645488403824531,955.9000000001488
0.08133523777821913,956.0000000001488
0.3705332320591723,956.1000000001488
0.7442500265223667,956.2000000001489
0.08541892485193159,956.3000000001489
0.32745526584819606,956.4000000001489
-0.15874654529045448,956.5000000001489
0.16054787476914711,956.600000000149
-0.164179964359886,956.700000000149
0.41898709241002385,956.800000000149
0.3715969322705417,956.900000000149
-0.08346208925346688,957.000000000149
0.18177672882119,957.1000000001491
-0.1897656215378745,957.2000000001491
-0.40045060255793685,957.3000000001491
-0.1950964490650636,957.4000000001491
0.27147305227942015,957.5000000001492
-0.12283282728643088,957.6000000001492
-0.0843657807721735,957.7000000001492
-0.43579508030090075,957.8000000001492
-0.053691749062694416,957.9000000001492
-0.05718460570889747,958.0000000001493
0.5696521920952069,958.1000000001493
0.7826156555122064,958.2000000001493
0.03843999385808494,958.3000000001493
0.16044767154105288,958.4000000001494
0.2273753586134449,958.5000000001494
-0.18281201033174863,958.6000000001494
0.2742738805158492,958.7000000001494
0.07460106716605978,958.8000000001495
0.17299411311850998,958.9000000001495
0.11424969941394719,959.0000000001495
0.03147516659162827,959.1000000001495
-0.021159104636861867,959.2000000001495
-0.1694503240010675,959.3000000001496
0.3378737427569485,959.4000000001496
-0.047050865756695065,959.5000000001496
0.6796481596755707,959.6000000001496
-0.087230448166559,959.7000000001497
0.20344302340081682,959.8000000001497
-0.2533988184407109,959.9000000001497
0.16207398643509957,960.0000000001497
-0.10300971431099012,960.1000000001497
0.3778418799529203,960.2000000001498
-0.4107817847067915,960.3000000001498
0.604199218202818,960.4000000001498
0.30196552143939287,960.5000000001498
0.18592146755848038,960.6000000001499
0.1460471549946352,960.7000000001499
0.5149987537441141,960.8000000001499
0.20415353997000313,960.9000000001499
0.3039056632453505,961.00000000015
-0.29403647416986245,961.10000000015
-0.03188690363463689,961.20000000015
-0.01508940401432364,961.30000000015
0.05091271312698466,961.40000000015
-0.15152148751144975,961.5000000001501
-0.04360227559028024,961.6000000001501
0.09807701214146715,961.7000000001501
-0.17538129975515385,961.8000000001501
0.4080292110695779,961.9000000001502
0.12684814323070448,962.0000000001502
0.8636835913388082,962.1000000001502
0.8038551611310748,962.2000000001502
0.39210521711308177,962.3000000001502
-0.37062444970422803,962.4000000001503
0.10762763149642543,962.5000000001503
-0.2095490310208238,962.6000000001503
-0.3512148576491487,962.7000000001503
0.3796363105320969,962.8000000001504
0.29530644645671034,962.9000000001504
0.18458918965479687,963.0000000001504
0.6296952001581705,963.1000000001504
-0.33902041248969184,963.2000000001505
0.42804241071152915,963.3000000001505
-0.23278167701572847,963.4000000001505
0.4512218311003693,963.5000000001505
0.1665526914474513,963.6000000001505
-0.3572388131548525,963.7000000001506
-0.08434008496055773,963.8000000001506
0.3149391149560254,963.9000000001506
-0.2336828985315149,964.0000000001506
0.4181851874737458,964.1000000001507
0.4068936704628108,964.2000000001507
0.5602923498340415,964.3000000001507
-0.5062802894684997,964.4000000001507
-0.3049209145997698,964.5000000001507
0.21505186071599608,964.6000000001508
0.1844234862225689,964.7000000001508
-0.05107369336872378,964.8000000001508
0.18481255201334254,964.9000000001508
0.23175439038365322,965.0000000001509
-0.7361446223964301,965.1000000001509
0.12928712522583838,965.2000000001509
-0.054603094949428194,965.3000000001509
-0.0816408780941491,965.400000000151
0.3326319646950652,965.500000000151
-0.13057982946750066,965.600000000151
-0.025737645194375436,965.700000000151
0.4544711354121961,965.800000000151
-0.030916906959484347,965.9000000001511
-0.1963044461557207,966.0000000001511
-0.10011216090524683,966.1000000001511
0.5665483675746801,966.2000000001511
0.13254325306330275,966.3000000001512
0.06490831239829495,966.4000000001512
0.21089564945051342,966.5000000001512
0.2281781503219831,966.6000000001512
-0.2678488816747623,966.7000000001512
0.2978416514904473,966.8000000001513
0.536698852020424,966.9000000001513
0.12116381702073553,967.0000000001513
0.00052673921304007,967.1000000001513
0.3619980976330971,967.2000000001514
0.03211717774597708,967.3000000001514
0.19915424357965303,967.4000000001514
-0.1197855452810502,967.5000000001514
0.4190354562594646,967.6000000001515
-0.17140496328137614,967.7000000001515
0.2870555377903778,967.8000000001515
0.05848173350441381,967.9000000001515
0.4624021218489732,968.0000000001515
0.03340995175717239,968.1000000001516
-0.30961187264987344,968.2000000001516
0.1968944286636552,968.3000000001516
-0.35303054749983787,968.4000000001516
0.0264180733229418,968.5000000001517
0.30315431696803413,968.6000000001517
0.2825596127006223,968.7000000001517
0.08489498695132507,968.8000000001517
0.27094777222641014,968.9000000001517
0.37178235171483387,969.0000000001518
0.13269301624296992,969.1000000001518
0.20400383698521732,969.2000000001518
0.0012677810461824979,969.3000000001518
-0.12081854083436377,969.4000000001519
0.3530846979638217,969.5000000001519
0.19918764237457387,969.6000000001519
-0.2207982315294633,969.7000000001519
0.3830911972741342,969.800000000152
-0.5614478629698147,969.900000000152
0.21816780446687245,970.000000000152
-0.1496353282755048,970.100000000152
0.9013764671118389,970.200000000152
0.7051209943158468,970.3000000001521
0.07350213802400793,970.4000000001521
-0.4332787816982747,970.5000000001521
0.24163143033261839,970.6000000001521
-0.7041158875486867,970.7000000001522
-0.18932126363927712,970.8000000001522
0.3043642620540845,970.9000000001522
-0.18996185753772557,971.0000000001522
0.19532713534124174,971.1000000001522
0.2734257691058103,971.2000000001523
-0.24185339228602,971.3000000001523
-0.04508393188350035,971.4000000001523
0.7340451297331435,971.5000000001523
0.0716956196296342,971.6000000001524
0.47311461080114314,971.7000000001524
0.024088982831919334,971.8000000001524
0.260466451303166,971.9000000001524
-0.29270221836418886,972.0000000001525
0.0773847616937874,972.1000000001525
0.23785104164519366,972.2000000001525
0.44372158043692,972.3000000001525
-0.2514315620061627,972.4000000001525
-0.6364856782789078,972.5000000001526
0.2842490507313209,972.6000000001526
0.24661730848339275,972.7000000001526
0.1959006980824814,972.8000000001526
-0.012671715281344934,972.9000000001527
-0.15062717196764505,973.0000000001527
-0.2913842253810911,973.1000000001527
0.2621505757995687,973.2000000001527
-0.42475019748153375,973.3000000001527
-0.1555838553448445,973.4000000001528
0.060275943607806595,973.5000000001528
0.16495393113786117,973.6000000001528
-0.1470030909071527,973.7000000001528
0.06606505009594461,973.8000000001529
0.3268396850393021,973.9000000001529
0.23450378990023915,974.0000000001529
-0.08957673480802808,974.1000000001529
0.023870620614995855,974.200000000153
0.5903540158764824,974.300000000153
0.7608402514450756,974.400000000153
-0.23516249131771325,974.500000000153
0.013630693338836139,974.600000000153
0.27071606176205687,974.7000000001531
-0.4207684488634905,974.8000000001531
-0.16782291544807906,974.9000000001531
0.09089300733608342,975.0000000001531
-0.06055693427593131,975.1000000001532
-0.2396885086275549,975.2000000001532
0.3705235644740673,975.3000000001532
0.009818909262651027,975.4000000001532
0.24157507222483773,975.5000000001532
-0.39067174937509863,975.6000000001533
0.44044329105454927,975.7000000001533
0.4839786462195843,975.8000000001533
-0.07652469521028124,975.9000000001533
0.07708252041813644,976.0000000001534
-0.03613288904875256,976.1000000001534
-0.01970361551981946,976.2000000001534
0.337389230008713,976.3000000001534
-0.216897188387399,976.4000000001535
0.01983665371277238,976.5000000001535
0.10482240037627436,976.6000000001535
0.15289129736991383,976.7000000001535
-0.13864598787644083,976.8000000001535
-0.6524211609471341,976.9000000001536
-0.34070545133118635,977.0000000001536
0.2332330080460586,977.1000000001536
0.41955282545067485,977.2000000001536
0.3801151119942523,977.3000000001537
-0.4781617226295567,977.4000000001537
0.05795628144598322,977.5000000001537
-0.006754704833804026,977.6000000001537
-0.10930072936753124,977.7000000001538
0.13678888500953418,977.8000000001538
0.05215044271379,977.9000000001538
-0.29877512393343963,978.0000000001538
-0.10259260480626611,978.1000000001538
0.14460835113495235,978.2000000001539
0.5499148439752958,978.3000000001539
0.34544231186579677,978.4000000001539
0.13645164236105256,978.5000000001539
-0.022981429714405824,978.600000000154
0.3955116888886172,978.700000000154
0.12927591837132585,978.800000000154
-0.04743550649506503,978.900000000154
0.7637763448759755,979.000000000154
-0.15572703996751877,979.1000000001541
0.25666497448440906,979.2000000001541
0.37129653981532584,979.3000000001541
0.17618417270613568,979.4000000001541
0.4651282745765907,979.5000000001542
0.09955927485080163,979.6000000001542
-0.02458447952986001,979.7000000001542
0.32004864368425956,979.8000000001542
0.2304370243934111,979.9000000001543
-0.06381800715464137,980.0000000001543
-0.14682170962351387,980.1000000001543
-0.15912365183818297,980.2000000001543
0.23130536914584074,980.3000000001543
-0.19849126640288026,980.4000000001544
0.6834448587798202,980.5000000001544
-0.5646452798270843,980.6000000001544
0.12480712364638644,980.7000000001544
0.513765093256965,980.8000000001545
0.05985085404895376,980.9000000001545
-0.3914164332100414,981.0000000001545
0.10213065021765404,981.1000000001545
0.09364737526731987,981.2000000001545
0.0721931813045098,981.3000000001546
0.24211744289887444,981.4000000001546
-0.020594828488156844,981.5000000001546
-0.19485098926063357,981.6000000001546
0.05675292043084876,981.7000000001547
0.3635833849091443,981.8000000001547
-0.4171666365767335,981.9000000001547
0.5495700872326283,982.0000000001547
0.47908314486920367,982.1000000001548
-0.2613897884015052,982.2000000001548
0.3472768208070042,982.3000000001548
-0.2752983139720293,982.4000000001548
-0.24547620536842732,982.5000000001548
-0.18542450935342722,982.6000000001549
-0.1597684209395507,982.7000000001549
0.4444371753503765,982.8000000001549
-0.01283957318789783,982.9000000001549
-0.2537806482597672,983.000000000155
0.6855468959620158,983.100000000155
0.3211203059230369,983.200000000155
-0.1246423039616382,983.300000000155
0.12248047318296487,983.400000000155
-0.1138439907992368,983.5000000001551
0.17641454041172308,983.6000000001551
-0.12473041043315908,983.7000000001551
0.11533161006664695,983.8000000001551
0.3125140193037922,983.9000000001552
0.3873356183119405,984.0000000001552
0.1939106242942864,984.1000000001552
0.07151689344415418,984.2000000001552
0.5216587280433573,984.3000000001553
-0.0025171211417772676,984.4000000001553
-0.12660399072172673,984.5000000001553
-0.2966408893652409,984.6000000001553
-0.08700888835208512,984.7000000001553
0.25101110969608564,984.8000000001554
-0.5983778190565369,984.9000000001554
0.023370972050028874,985.0000000001554
0.04310795206745188,985.1000000001554
-0.18507423740635823,985.2000000001555
0.2155062451975901,985.3000000001555
-0.2266123132076235,985.4000000001555
0.4465501429147578,985.5000000001555
0.029265915169619017,985.6000000001555
0.3066049297083723,985.7000000001556
0.24389164663116222,985.8000000001556
0.24967983835185778,985.9000000001556
-0.27058633188408865,986.0000000001556
-0.016111173919913957,986.1000000001557
-0.18306582956043096,986.2000000001557
0.05841696746648525,986.3000000001557
0.742605577745334,986.4000000001557
0.262080245055503,986.5000000001558
0.34027620946024806,986.6000000001558
-0.24384381215732356,986.7000000001558
0.06610610737331152,986.8000000001558
-0.3777463175351248,986.9000000001558
-0.6687909503245072,987.0000000001559
0.032375428582106375,987.1000000001559
-0.45023559437814054,987.2000000001559
0.12047000903555954,987.3000000001559
-0.16300694879871327,987.400000000156
0.37515516101674284,987.500000000156
0.5010698150654298,987.600000000156
0.21315910102679525,987.700000000156
0.2917366685873686,987.800000000156
0.3484803490303604,987.9000000001561
-0.09289436288681832,988.0000000001561
0.5346240536462711,988.1000000001561
-0.47660461404728804,988.2000000001561
0.12693896894101644,988.3000000001562
-0.0009374754923614226,988.4000000001562
0.1574182449265602,988.5000000001562
0.3391325297608073,988.6000000001562
-0.13563271912054597,988.7000000001563
0.2311317318111209,988.8000000001563
0.687295898031066,988.9000000001563
-0.4799529374440924,989.0000000001563
0.39104475078288237,989.1000000001563
0.10432617816791336,989.2000000001564
0.35444164617236495,989.3000000001564
-0.08093566047580639,989.4000000001564
0.2013454629170825,989.5000000001564
0.11787202569766483,989.6000000001565
0.16909693824534322,989.7000000001565
-0.3607499997663628,989.8000000001565
0.05133996868780005,989.9000000001565
0.3277876478446409,990.0000000001565
0.5611208102326416,990.1000000001566
0.15408593824442693,990.2000000001566
0.07375676355536062,990.3000000001566
0.3069943786225602,990.4000000001566
-0.009334341629827284,990.5000000001567
0.05575776034408558,990.6000000001567
0.2774571795690337,990.7000000001567
-0.10066022010171505,990.8000000001567
0.38667413371415493,990.9000000001568
-0.2417983677449471,991.0000000001568
0.00089944098784836,991.1000000001568
-0.08665708706434946,991.2000000001568
-0.04381001770955201,991.3000000001568
-0.27863046145993586,991.4000000001569
0.044673927126641595,991.5000000001569
-0.3519215841717934,991.6000000001569
-0.4626300494621589,991.7000000001569
-0.13242170291566793,991.800000000157
-0.057641126196653236,991.900000000157
0.9496631854162348,992.000000000157
-0.3427591075214591,992.100000000157
0.41265477448150634,992.200000000157
-0.09756789975110247,992.3000000001571
-0.10337170055815262,992.4000000001571
0.7371268090315257,992.5000000001571
-0.48279484448683463,992.6000000001571
0.18492733424101593,992.7000000001572
0.020523618114345152,992.8000000001572
0.07492572495319291,992.9000000001572
0.28918143239523053,993.0000000001572
-0.047950158245925856,993.1000000001573
0.07605312922521537,993.2000000001573
0.1276760900128777,993.3000000001573
0.04409270632650676,993.4000000001573
0.4138586471283775,993.5000000001573
0.383641265293185,993.6000000001574
0.009586893673395783,993.7000000001574
-0.027439304466990694,993.8000000001574
-0.25027674678320555,993.9000000001574
0.06196773858096236,994.0000000001575
0.6783653851047278,994.1000000001575
0.3048900545360439,994.2000000001575
0.2434675969730351,994.3000000001575
-0.035341316031499787,994.4000000001575
0.14839321403638278,994.5000000001576
0.2216366439593666,994.6000000001576
-0.31851509409138057,994.7000000001576
0.20452588978000477,994.8000000001576
-0.041705616879141094,994.9000000001577
0.24530795927500013,995.0000000001577
-0.4579271841188818,995.1000000001577
0.050150109172061794,995.2000000001577
-0.3780952457628438,995.3000000001578
-0.2164212814089939,995.4000000001578
0.427955656937117,995.5000000001578
-0.08267013272153118,995.6000000001578
-0.21490569986144206,995.7000000001578
0.6579075957371141,995.8000000001579
0.03196565901140236,995.9000000001579
0.5194788306308497,996.0000000001579
0.03055810179422662,996.1000000001579
0.40028489628446695,996.200000000158
0.20430346504698677,996.300000000158
0.26210272910917326,996.400000000158
-0.31320602535257935,996.500000000158
-0.14161851418996485,996.600000000158
0.028975134597252247,996.7000000001581
0.4395509000762212,996.8000000001581
0.4139971520343688,996.9000000001581
0.16880189353869265,997.0000000001581
0.16555013550299125,997.1000000001582
0.37661005367792877,997.2000000001582
-0.14963637039938227,997.3000000001582
0.652550919563707,997.4000000001582
0.5584718145094528,997.5000000001583
-0.3137821407743512,997.6000000001583
0.3568796405489989,997.7000000001583
0.6578707468565368,997.8000000001583
-0.504387414985297,997.9000000001583
0.03149963471575325,998.0000000001584
0.12925162149050762,998.1000000001584
-0.0684436798967073,998.2000000001584
-0.09410309619954868,998.3000000001584
0.04286975118498303,998.4000000001585
-0.18185801805541033,998.5000000001585
0.14199666126547641,998.6000000001585
0.5116322158948761,998.7000000001585
0.3111077395260984,998.8000000001585
0.19420208063111735,998.9000000001586
0.22862654045861283,999.0000000001586
0.025301807312081537,999.1000000001586
-0.6274871818560157,999.2000000001586
0.015935516421552942,999.3000000001587
-0.5938088228910989,999.4000000001587
-0.14906353747040538,999.5000000001587
0.30887880498386505,999.6000000001587
0.012087580480256502,999.7000000001588
0.35222143735530587,999.8000000001588
-0.19452855119243975,999.9000000001588
-0.5515082951249795,1000.0000000001588
